id,縣市,行政區,地址,地號,場址名稱,廢棄物種類,最後更新日,土水列管,現場狀態
20,臺南市,安南區,,"臺南市安南區神榕段328地號 臺南市安南區神榕段349地號 臺南市安南區神榕段349-1地號 臺南市安南區神榕段349-5地號",臺南市安南區神榕段328、349、349-1、349-5地號,一般,2026-05-07,否,"一、 本次執行環管署列管場址巡查工作。 二、 場址位於安南區神榕段328、349地號，場址為地下掩埋污泥及裝潢修繕廢棄物，場址原設有地下水監測井簡易井(共計3處)目視已遭破壞。 三、 此次巡查經空拍對比前次場址現場有整地跡象，巡視場址現場及周圍未發現異常情形與新增棄置"
23,高雄市,小港區,水庫段277、277-1~277-3、277-5、277-8、281~283、282-1、286地號,水庫段277、277-1~277-3、277-5、277-8、281~283、282-1、286地號,水庫段283、286、277等地號,一般含有害,2026-05-15,否,於113年12月25及26日進行換桶採樣作業，總計20桶。114年由工研院進行採樣調查，115年預計再進行換統作業，待採樣成果報告送達，將命地主進行限期清理。當日巡查時，無人為活動，無異常情形。
24,高雄市,小港區,小港區大房路43-5號,坪北段434地號,坪北段434地號,一般,2026-05-12,否,符合肆、100年12月止舊系統既有案件不繼續列管判定原則。
28,高雄市,小港區,,坪北段418、418-1、418-2、418-3地號,坪北段418、418-1、418-2、418-3地號,一般,2026-05-12,否,"符合肆、100年12月止舊系統既有案件不繼續列管判定原則。 辦理情形：申請解除列管。"
43,新北市,八里區,下罟子漁港附近海岸地,"下罟段0050、0051、0052、0053、0054地號 新北市八里區下罟段49地號 新北市八里區下罟段55地號 新北市八里區下罟段553地號 新北市八里區下罟段56地號",下罟段0050、0051、0052、0053、0054、0055、0056、0049、553地號等9筆地號,一般含有害,2026-05-14,否,查無棄置情形
52,新竹縣,湖口鄉,鄉八德段273地號,新竹縣湖口鄉八德段273地號,"變電所(原崩坡下段1之2,1之4地號(山坡地))",一般,2026-04-21,否,目視變電所內道路及草皮無明顯廢棄物，並有在維護環境之現象。
53,新竹縣,湖口鄉,,興安段6號,興安段6號,一般,2026-04-21,否,現場巡查確認，現場已改為凱富交通，目視場址放置工程用具，有整地並部分鋪設瀝青。
54,新竹縣,新埔鎮,,"坊寮段下坊寮段524,524-33號","坊寮段下坊寮段524,524-33號",一般,2026-04-21,否,目視現場雜草叢生，場址內放置桌子、坐椅，現場大門上鎖無法進入。
55,新竹縣,新埔鎮,清水里,汶水坑小段1368-1、677地號(山坡地),汶水坑小段1368-1、677地號(山坡地),一般,2026-04-21,否,現場巡查，目視現場已被施工圍籬圍起，但無掛設工程告示牌，無明顯新增廢棄物，目視現場有整地跡象，場內有人員操作怪手機具。
56,新竹縣,新豐鄉,少年觀護所,"新竹縣新豐鄉上坑段504地號 新竹縣新豐鄉上坑段505地號",少年觀護所,一般,2026-04-15,否,至現場巡查，目視現場無明顯廢棄物，路旁擺放少量輪胎。
57,新竹縣,新豐鄉,掩埋場,新竹縣新豐鄉濱海段708地號,掩埋場,一般,2026-04-21,否,經現場巡查，目視新豐鄉垃圾掩埋場入口旁草原皆有圍網，目視現場圍網內有(廢寶特瓶、廢保麗龍)等生活垃圾。
92,臺中市,沙鹿區,中山路19巷100號之1,竹林段犁分小段387、388、393、407、408、409、409-1、411、412、413、414、451、676、677、679等15筆地號,竹林段犁分小段393等地號,有害,2026-05-06,否,至現場巡視四周，目視廢棄物無增減情形，外圍有增加些許民生垃圾，雜草叢生。
98,彰化縣,大城鄉,,"上豊段577,578地號","上豊段577,578地號",一般,2026-03-02,否,稽查時該址現況為一閒置農地，目前雜草叢生，目視地表未發現廢棄物。
109,彰化縣,芳苑鄉,,芳興段528地號,芳興段528地號,一般,2026-03-02,否,1.現址目前為閒置農地。2.目視現場，未發現有新增廢棄物之情形。
110,彰化縣,芳苑鄉,,芳北段746地號,芳北段746地號,一般,2026-03-02,否,1.現址目前為農地。2.目視現場，未發現有新增廢棄物之情形。
112,彰化縣,芳苑鄉,,草湖段5-4地號,草湖段5-4地號(重測後為新崙段849地號),一般,2026-03-02,否,查時該址為一農地，目視地表未發現廢棄物。
123,彰化縣,芳苑鄉,漢寶村草漢路漢寶段801巷48號,漢寶園段591地號,漢寶園段591地號(重測後為東漢寶段1122地號),一般,2026-03-02,否,該址廢棄物係以覆土掩埋。位於燒毀之資源回收場內，出入口進入後左前方約50公尺處
134,彰化縣,伸港鄉,大肚溪出海口南岸,伸港鄉新港段20及52地號,大肚溪出海口南岸(伸港鄉新港段20及52地號國有河川地),一般,2026-03-12,否,1.現址雜草叢生。2.目視現場，未發現有新增廢棄物之情形。
138,彰化縣,伸港鄉,西濱快速道路(臺61線)與臺17線間,彰化縣伸港鄉新興段63-0地號,西濱快速道路(臺61線)與臺17線間,一般含有害,2026-03-12,否,現場未發現明顯新增廢棄物，現交通部公路總局施工中。
149,雲林縣,水林鄉,,蘇秦段962地號,蘇秦段962地號,一般,2026-04-28,否,現場廢棄物已清理完成。
167,嘉義縣,六腳鄉,六腳段六南小段611、612地號,六腳鄉六腳段六南小段611、612地號,六腳鄉六腳段六南小段611、612地號,一般,2026-05-11,否,待司法判決確定後，針對相關行為人發文提廢棄物處置計畫書，辦理廢棄物清理作業。
172,嘉義縣,水上鄉,番子寮段1059-10地號,水上鄉番子寮段1059-10地號,水上鄉番子寮段1059-10地號,一般,2026-05-05,否,部分行為人已就權屬應清理廢棄物重量完成清理作業，場址清理量14.29公噸。
173,嘉義縣,水上鄉,番子寮段598地號,水上鄉番子寮段598地號,水上鄉番子寮段598地號,一般,2026-05-05,否,巡查時場址遭棄置之廢棄物已完成清理，周界雜草叢生，現況未見新增廢棄物情形，已上傳清理資料至WDMS系統申請解除列管。
174,嘉義縣,義竹鄉,龍蛟潭段141-2地號,義竹鄉龍蛟潭段141-2地號,義竹鄉龍蛟潭段141-2地號,一般,2026-05-12,否,巡查時該場址地面堆置之廢PU布廢棄物仍未清除，現況無新增廢棄物情形。
175,嘉義縣,水上鄉,三和段924地號,水上鄉三和段924地號,水上鄉三和段924地號,一般,2026-05-05,否,該場址棄置之廢棄物已完成清理，巡查時現況已長雜草未見新增廢棄物情形。
181,臺南市,山上區,,臺南市山上區豐德段613地號,臺南市山上區豐德段613地號,一般,2026-05-21,否,"一、 本次執行環管署列管場址巡查工作。 二、 場址位於臺南市山上區豐德段613地號鄰近豐德發電廠，廢棄物掩埋於地面下。 三、 此次巡查經比對前次巡查照片，現場增設鐵門及圍籬人員無法進入，經空拍場址現場已生長雜草並覆蓋廢棄物，現場未有新增廢棄物情形。 四、 以下空白"
184,臺南市,六甲區,,中社段19號,中社段19號,一般,2026-05-05,否,"一、 本次執行環管署列管場址巡查工作。 二、 場址位於六甲區中社段19地號，場址為地面堆置/地下掩埋一般事業廢棄物、生活垃圾廢棄物，現場雜草叢生人員無法進入。 三、 本日巡查經空拍場址周遭與表面，已生長雜草並覆蓋，目視場址現場及周圍未發現新增廢棄物情形。 四、 以"
186,臺南市,後壁區,新東村148之20號（新港東段新港東小段1585、1584、1583、1582、1581地號）,臺南市後壁區新港東段新港東小段1585、1584、1583、1582、1581地號,新東村148之20號,一般,2026-04-14,是,"一、 本次執行環管署列管場址巡查工作。 二、 場址位於後壁區新港東段新港東小段1585等地號，場址為地上堆置及地下掩埋廢塑膠混合物、營建廢棄物、生活垃圾、爐渣、污泥。 三、 此次巡查經空拍場址雜草叢生覆蓋廢棄物，巡視現場及周圍未發現新增棄置廢棄物情形。 四、 以下"
188,臺南市,柳營區,東昇村700-31,"臺南市柳營區柳營段溫厝?小段318地號 臺南市柳營區柳營段溫厝?小段318-3地號 臺南市柳營區柳營段溫厝?小段319地號",溫厝?小段318、318-3、319地號,一般,2026-04-07,否,"一、 本次執行環管署列管場址巡查工作。 二、 場址位於柳營區柳營段溫厝廊小段318地號，場址為地下掩埋熔煉殘渣、營建廢棄物。 三、 此次巡查現場圍籬阻擋人員無法進入，經空拍廢棄物及週遭表面雜草叢生，目視表面無廢棄物，場址現場及周圍未發現新增棄置廢棄物情形。 四、"
190,臺南市,新化區,護國里,臺南市新化區王公廟小段12號,臺南市新化區王公廟小段12號,一般,2026-05-06,否,"一、 本次執行環管署列管場址巡查工作。 二、 場址位於臺南市新化區王公廟小段12地號，場址內部為地下掩埋塑膠廢料、纖維及少許污泥廢棄物。 三、 本次巡查現場雜草叢生人員無法進入，經空拍廢棄物及週遭表面已生長雜草並覆蓋，場址現場及周圍未發現新增棄置廢棄物情形。 四"
192,臺南市,歸仁區,,臺南市歸仁區沙崙段331-2地號,崙頂段1080、1081、1082、1083地號(原：歸仁區沙崙段331-2地號),一般含有害,2026-06-01,是,"一、 本次執行環管署列管場址巡查工作。 二、 場址位於臺南市歸仁區崙頂段1080、1081、1082、1083地號，場址內部為地下掩埋廢鐵空桶、生活垃圾、廢電纜、廢塑膠袋、廢塑料、廢布條…等廢棄物。 三、 本次巡查現場圍籬阻擋人員無法進入，經空拍廢棄物及週遭表面已生長雜草並"
193,臺南市,歸仁區,,臺南市歸仁區沙崙段331地號,崙頂段1073、1074、1075-1、1076、1077、1078地號(原：歸仁區沙崙段331地號),一般含有害,2026-06-01,是,"一、 本次執行環管署列管場址巡查工作。 二、 場址位於臺南市歸仁區崙頂段1073、1074、1075-1、1076、1077、1078地號，場址內部為地下掩埋廢鐵桶、廢塑膠袋、廢布條、廢輪胎…等廢棄物。 三、 本次巡查於115年 06 月 01 日，現場圍籬阻擋人員無法進入，經空拍廢棄物及週遭表"
199,臺南市,仁德區,,"臺南市仁德區保甲段1199、1200及1201等地號 臺南市仁德區保甲段1198地號 臺南市仁德區保甲段1211地號 臺南市仁德區保甲段1213地號",臺南市仁德區保甲段1198、1199、1200、1201、1211、1213等地號（工研院調查）,一般含有害,2026-06-01,否,"一、 本次執行環管署列管場址巡查工作。 二、 場址位於臺南市仁德區保甲段1198、1199、1200、1201、1211、1213地號，場址內部為地面堆置一般事業廢棄物(鋁渣)廢棄物，已知原堆置於左側後方之鋁渣已集中於場址後方處堆放，場址空域為禁止空拍區域無法空拍。 三、 本次巡查場"
200,臺南市,柳營區,神農里,新厝段113-116地號,新厝段113-116地號,一般,2026-04-07,否,"一、 本次執行環管署列管場址巡查工作。 二、 場址位於臺南市柳營區新厝段113-116地號，場址內部為地下掩埋廢塑膠混合物。 三、 此次巡查經空拍廢棄物及週遭表面雜草叢生並覆蓋，場址現場及周圍未發現新增棄置廢棄物情形。 四、 以下空白。"
212,高雄市,大寮區,大發工業區大有一街14號,"高雄市大寮區大寮段三小段3276地號 高雄市大寮區大寮段三小段3276-1地號 高雄市大寮區大寮段三小段3276-2地號",大發工業區大有一街14號,一般含有害,2026-04-13,否,當日巡查，大門深鎖，部分鐵皮因颱風吹掃脫落，未發現可疑車輛進出及人為活動異常情形。
218,高雄市,大寮區,,會明段54、53(赤崁段潮寮小段1639、1640),會明段53、54地號,一般,2026-05-22,否,當日巡查，無人為活動，未發現異常情事。
225,高雄市,茄萣區,興達段0007地號,興達段0007地號,興達段0007地號-林海魚塭六處,一般,2026-05-07,否,原列管非法棄置場之理由已調查解除
226,高雄市,大社區,蜈蜞潭,尖山腳段0024地號,尖山腳段0024地號-蜈蜞潭,一般,2026-06-03,否,符合一、場址屬公有掩埋場用地，移由本署掩埋場管理權責單位另案列管。
228,高雄市,美濃區,,龜山段61地號,龜山段61地號,一般,2026-05-11,否,符合肆、100年12月止舊系統既有案件不繼續列管判定原則
232,高雄市,岡山區,新樂街132號,"台安段0977、0932 ，陀子段87-1、87-3、87-5、87-6、87-7、87-8、87-9、87-13",新樂街132號-崧聖處理廠、固化物掩埋場,有害,2026-06-03,否,當日巡查時，無發現可疑車輛進出及任何異常情形
235,高雄市,大寮區,高雄植物園對面空地,大寮區新庄段783、783-1、783-2、783-3、783-4、783-5、783-6、783-7、783-8、783-9、783-10、783-11地號,新庄段783等地號-高雄植物園對面空地,一般,2026-06-02,否,現場巡查時，該場址雜草叢生，並無發現異常情形。
236,高雄市,大寮區,新厝路891號噴砂廠,高雄縣大寮鄉新庄段729、732、733、734、739、740、742、743、751、760、761、763、764、765、766、767、769,新厝路891號-噴砂廠,一般,2026-05-22,否,該場址上的噴砂廠營運中，現場有人為活動，無異常之情事。
237,高雄市,大寮區,新厝路養鴨場(上方空地在其右側，噴砂場位於左側),高雄縣大寮鄉新庄段745、746、750地號,新庄段745、746、750地號-新厝路養鴨場,一般,2026-05-22,否,當日巡查，大門深鎖，四周巡查無可疑人員及異常之情事，場址下方有堆放廢木板等廢棄物。
241,屏東縣,內埔鄉,老埤803-10號,東片段319地號(重測前:老埤803-10地號),東片段319地號(重測前:老埤803-10地號),一般,2026-04-07,否,無法辨識廢棄物
242,屏東縣,內埔鄉,,圳頭段536、536-1、536-2、536-3、551~4,圳頭段536、554地號,一般,2026-03-31,否,無法目視廢棄物
246,屏東縣,長治鄉,,榮興段161、161-4號,榮興段161、161-4地號,有害,2026-03-31,是,無新增廢棄物
249,屏東縣,長治鄉,進興村下寮路基督墓園旁空地(緊鄰田雞飼養場),"榮興段1140,1141,1145","榮興段1140,1141,1145地號",有害,2026-03-31,是,無法目視廢棄物
250,屏東縣,長治鄉,"興華段922(原:番子寮段243-110),榮華段1682",屏東縣長治鄉榮華段1682地號,"興華段922(原:番子寮段243-110),榮華段1682",有害,2026-03-31,是,雜草叢生，無新增廢棄物
252,屏東縣,高樹鄉,,新日段1860地號(舊地號：埔羌崙段1815地號),新日段1860地號(重測前:埔羌崙段1815地號),一般,2026-04-23,否,無新增廢棄物
253,屏東縣,高樹鄉,,埔田段28、29、30地號(舊地號：埔羌崙段424-1、-2、-3等地號),"屏東縣-高樹鄉-埔田段27地號(重測前28、29、30地號) (舊：埔羌崙段424-1、-2、-3等號)",一般含有害,2026-04-23,否,無新增廢棄物
254,屏東縣,高樹鄉,,新日段1948地號(舊地號：埔羌崙段1799地號),新日段1948地號,一般,2026-04-23,是,無新增廢棄物
255,屏東縣,新園鄉,,新提段371號,新提段371號,一般,2026-03-26,否,無新增廢棄物
256,屏東縣,鹽埔鄉,,民意段648、649地號,民意段648、649地號,一般,2026-04-21,否,無新增廢棄物
258,屏東縣,恆春鎮,,"大潭段1106,1107","大潭段1106,1107地號",一般,2026-05-19,否,無新增廢棄物
266,臺南市,仁德區,,臺南市仁德區公園段270地號,臺南市仁德區公園段270地號非法棄置案,一般含有害,2026-03-18,是,"一、 本次執行環管署列管場址巡查工作。 二、 場址位於仁德區公園段270地號，場址為地下掩埋鋁渣夾雜少許廢磚塊。 三、 此次巡查經手拍場址及週遭，目視場址現場及周圍未發新增棄置廢棄物情形。 四、 以下空白。"
276,臺南市,仁德區,,臺南市仁德區車路墘段807地號,臺南市仁德區車路墘段807地號（雲科大調查）,一般,2026-05-04,否,"一、 本次執行環管署列管場址巡查工作。 二、 場址位於臺南市仁德區車路墘段807地號，場址內為疑似地下掩埋生活垃圾、營建廢棄物。 三、 本次巡查經空拍場址現況，場址內雜草叢生，原堆置於地號左側之雜草已被清理(如圖四橘圈處)，場址現場及周圍未發新增棄置廢棄物情形。 "
288,臺中市,南屯區,,楓樹段352及352-4地號,楓樹段352及354地號掩埋廢棄土案,有害,2026-04-09,否,現場巡查，目視場址周邊環境廢棄物無增減情形
289,花蓮縣,吉安鄉,光明段,"花蓮縣吉安鄉光明段546地號 花蓮縣吉安鄉光明段548地號 花蓮縣吉安鄉光明段549地號 花蓮縣吉安鄉光明段550地號 花蓮縣吉安鄉光明段551地號 花蓮縣吉安鄉光明段552地號 花蓮縣吉安鄉光明段557地號 花蓮縣吉安鄉光明段561地號 花蓮縣吉安鄉光明段562地號 花蓮縣吉安鄉光明段56",鴻興資源環保再生有限公司非法棄置,一般含有害,2026-06-01,否,本案棄置範圍地號計有吉安鄉光明段546、548~552、557、561~572地號等19筆土地，其中557為國有財產署所有已清除完畢，餘為私人土地，案件代履行強制執行中。
291,臺中市,烏日區,慶光路65號後方,溪尾北段244、212、245、249、246、211、247、210地號,慶光路65號後方空地,有害,2026-05-12,否,至現場巡視四周，目視現場廢棄物無增減情形，雜草叢生。
306,雲林縣,水林鄉,興南段135~141地號,135、136、137、138、139、140、141,興南段135~141地號,一般,2026-04-28,否,現場廢棄物尚未清理。
308,臺中市,神岡區,,新和段0694-0000地號,新庄子段(三匠鋁業旁),一般,2026-04-09,否,至現場巡視四周，目視廢棄物無增減情形。
315,桃園市,蘆竹區,坑子口段後壁厝小段355、362-2、362-4、362-5、362-9、362-27、362-28、362-30、362-31、362-33、362-34、368、368-1、368-2地號,"蘆竹區坑子口段後壁厝小段355、362-2、362-4、362-5、362-9、362-27、362-28、362-30、362-31、362-33、362-34、368、368-1、368-2地號 桃園市蘆竹區坑口段622地號 桃園市蘆竹區坑口段621地號 桃園市蘆竹區坑口段632地號 桃園市蘆竹區坑口段603地號 桃園市蘆竹區坑口段619地",桃園市蘆竹區坑子口段後壁厝小段362-2等14筆地號,一般,2026-04-21,否,到該廠址，對比前次紀錄至該址巡查，該址以鐵皮圍起，無法進入。
317,臺中市,神岡區,,神岡區新和段0694-0000地號,神岡三匠鋁業,一般,2026-04-09,否,現場巡查，該址目視無增加廢棄物，雜草叢生。
323,桃園市,龍潭區,"龍潭區凌雲里竹窩子段165,166,168-5及四方林小段540-5地號等12筆","龍潭區凌雲里竹窩子段165,166,168-5及四方林小段540-5~8、450-12、450-15~18地號",龍潭區凌雲里竹窩子段及四方林小段地號等12筆土地非法棄置,一般,2026-04-30,否,至該點巡查，廢棄物無明顯增減之情形
327,高雄市,大寮區,大潭路往東左轉後厝路前行約600公尺,明善段1233、1159、1234、1236、1237、1238、1240、1222、1223、1226、1230、1232、1245,大寮區明善段1233等13筆地號,一般,2026-05-15,否,當日巡查，無人為活動及異常情事發生。
336,嘉義縣,朴子市,下竹圍段佳禾小段1344地號,朴子市下竹圍段佳禾小段1344地號,朴子市下竹圍段佳禾小段1344地號農地回填漿紙污泥,一般,2026-05-18,否,"土地所有權人(李鎧麟)112-06-29依提送處置計畫書執行清理作業完成清理112.83公噸，該場址將彙整清理資料提報WDMS系統申請解除列管。 辦理情形：土地所有權人現況已完成清理。"
337,嘉義縣,鹿草鄉,鹿草段鹿東小段1484、1485地號,鹿草鄉鹿草段鹿東小段1484、1485地號,鹿草鄉鹿草段鹿東小段1484、1485地號農地回填漿紙污泥,一般,2026-05-13,否,巡查時該場址現況堆放土石方無新增廢棄物情形。
349,苗栗縣,造橋鄉,牛欄湖段200、199、922-003等地號,"苗栗縣造橋鄉牛欄湖段200地號 苗栗縣造橋鄉牛欄湖段199地號 苗栗縣造橋鄉牛欄湖段922-3地號",洪君非法堆置半腐熟有機肥料事業廢棄物,一般,2025-12-18,否,場址地面雜草叢生，廢棄物仍未清理
350,嘉義縣,水上鄉,牛稠埔段233-2地號,水上鄉牛稠埔段233-2地號,水上鄉牛稠埔段233-2地號棄置回填漿紙污泥案,一般,2026-05-05,否,該場址棄置之廢棄物已完成清理，巡查時現況置放土方級配料未見新增廢棄物情形，已上傳資料至WDMS系統申請解除列管
351,屏東縣,竹田鄉,"水源段69-2,69-4,64,64-1地號","屏東縣竹田鄉水源段64地號 屏東縣竹田鄉水源段64-1地號 屏東縣竹田鄉水源段69-2地號 屏東縣竹田鄉水源段69-4地號","水源段69-2,69-4地號(原水源段69地號),64,64-1地號(原水源段64地號)",有害,2026-04-10,否,無法目視廢棄物
355,桃園市,龜山區,壽山路第1巷口右轉約100公尺內,"龜山區牛角坡牛角坡小段303,303-1,305,306,307,264-10,264-31,264-32,175-50等9筆地號",機場捷運A7站區公滯7區邊坡,一般,2026-04-21,否,至該點巡查，對比前次紀錄，道路封閉，故未進入該址巡查。
378,嘉義縣,水上鄉,三界埔段612-3地號土地,水上鄉三界埔段612-3地號,水上鄉三界埔段612-3地號土地傾倒污泥混合物案,一般,2026-05-18,否,該場址棄置之廢棄物已完成清理，巡查時現況已長雜草未見新增廢棄物情形，已上傳資料至WDMS系統申請解除列管。
382,新竹縣,北埔鄉,水?村庄口段,92、101、102、114、271、272、278、279、280、281、282、283、284、285、290、291、292地號,新竹縣北埔鄉水?村庄口段92、101、102、114、271、272、278、279、280、281、282、283、284、285、290、291、292地號,一般,2026-04-21,否,至現場巡查，上揭地號內放置露營車樣品屋，場內有打掃人員，目視現場無明顯廢棄物。
383,南投縣,南投市,,內興段791、792、792-2，793-2，794地號,韋國企業社,一般,2026-04-21,否,例行性巡查，現場雜草叢生，廢棄物已難以辨識，未查獲新增廢棄物情事
391,臺南市,將軍區,,嘉昌段370地號,臺南市將軍區嘉昌段370地號非法棄置案,一般,2026-04-17,否,"一、 本次執行環管署列管場址巡查工作。 二、 場址位於臺南市將軍區嘉昌段370地號，場址為地下掩埋污泥事業廢棄物。 三、 本次巡查經空拍場址，部分區域雜草叢生，比對前次巡查現場廢棄物無新增減少移動情形。 四、 以下空白。"
394,高雄市,路竹區,華正路及延平路交叉內巷子,高雄市路竹區華山段859-1地號,華山段859-1地號,一般,2026-04-08,否,當日巡查時，現場無人為活動及可疑車輛進出，未發現有異常情事。
396,彰化縣,埤頭鄉,沙崙路周厝崙段621地號,彰化縣埤頭鄉周厝崙段621地號,埤頭鄉沙崙路周厝崙段621地號(重測後為豐崙段570地號)(彰化地檢署宇股101年度偵字第9914號),一般,2026-02-25,否,此地原為施工材料放置場，今目視現場，發現水泥地已移除，僅剩砂土。
397,彰化縣,田中鎮,,大新段718-12、718-24、718-25、718-26及718-27等5筆地號土地,田中鎮大新段718-12、718-24、718-25、718-26及718-27等5筆地號(重測後為新興段66～70地號)土地(雲林地檢署地股101年偵字第5779號-臺灣富仕得股份有限公司),一般,2026-02-09,否,現場設有圍籬，場址原堆置之污泥混副產石灰仍堆置於場內。
398,苗栗縣,銅鑼鄉,民享路40號,銅鑼鄉銅鑼工業區小段230地號,銅鑼工業區民享路40號廠房回填廢棄物案,一般,2025-12-03,否,場址設有圍籬，場內長滿雜草，未發現有遭棄置廢棄物情事。
400,彰化縣,溪州鄉,過溪子段490之41地號(重測為過溪段171地號),"彰化縣溪州鄉過溪子段490-41地號 彰化縣溪州鄉過溪段171地號",彰化縣溪洲鄉過溪子段490之41地號(彰化地檢署宇股101年度偵字第9914號)(重測為過溪段171地號),一般,2026-02-09,否,目視無新增廢棄物。
401,臺南市,西港區,1555、1555-1、1555-2地號,西港區八分段1555、1555-1、1555-2地號,西港區八分段1555、1555-1、1555-2地號棄置場址,一般,2026-03-20,否,"一、 本次執行環管署列管場址巡查工作。 二、 場址位於臺南市西港區八分段1555、1555-1、1555-2地號，場址內部為地下掩埋混合營造剩餘木塊等廢棄物。 三、 此次巡查場址圍籬阻擋，人員無法進入，經空拍場址雜草叢生，現場及周圍未發現新增廢棄物情形。 四、 以下空白。"
402,彰化縣,溪州鄉,溪州段假285號濁水溪河川公地,彰化縣溪州鄉溪州段溪州小段285地號,彰化縣溪州鄉溪州段假285號濁水溪河川公地(臺中地檢署發股101年偵字第17850號-佑春),一般,2026-02-09,否,目視未發現新增廢棄物。
403,屏東縣,長治鄉,,長治鄉繁興段168地號(舊地號：番仔寮段0058-0728),繁興段168地號(重測前：番子寮段58-728地號),有害,2026-03-31,否,雜草叢生，無新增廢棄物
404,南投縣,竹山鎮,坪頂段0161-0000,"山坪頂段132-1、149-52、149-53、149-54等地號 南投縣竹山鎮坪頂段829地號 南投縣竹山鎮坪頂段851地號",韋國企業社竹山,一般,2026-04-28,否,例行性巡查，現場雜草叢生，廢棄物已難以辨識，未查獲新增廢棄物情事
405,屏東縣,潮州鎮,崙新段1277地號,屏東縣潮州鎮崙新段1277地號,崙新段1277地號,有害,2026-04-10,否,無新增廢棄物
409,新竹縣,新豐鄉,,新竹縣新豐鄉鳳坑段168-2、179-1地號,新豐鄉鳳坑段坑子口訓練場,一般,2026-04-21,否,至現場巡查，現場為軍方用地，已用鐵網圍起，鐵門上鎖，由鐵網外目視旨揭地號內無明顯廢棄物，雜草叢生。
410,桃園市,龍潭區,,四方林段四方林小段0883-0010地號,龍潭區中豐路上林段1168號-三菱國際股份有限公司,一般,2026-04-30,否,至該點巡查，該址已雜草叢生，無法辨視廢棄物內容，對比前次記錄廢棄物無明顯之增減
417,高雄市,小港區,,坪鳳段550地號,坪鳳段550地號,一般,2026-06-02,否,該場址為一停車場，經四周巡查，無發現可疑車輛及異常之情事。
418,高雄市,小港區,,水庫段299.299-1.302.303等4筆地號,水庫段299等4筆地號,一般,2026-05-12,否,當日巡查時，鐵門為開啟狀態，巡查無發現異常情形。
419,高雄市,大寮區,,新庄段517.518.520.522.523地號,新庄段0517等5筆地號,一般,2026-05-22,否,當日巡查時，大門深鎖，現場無任何異常之情事。
420,高雄市,大寮區,,新庄段660.661地號,新庄段660等2筆地號,一般,2026-05-22,否,該場址上的砂石廠營運中，當日現場巡查有人為活動、無異常情形。
422,彰化縣,芳苑鄉,芳信段138地號,彰化縣芳苑鄉芳信段138地號,彰化縣芳苑鄉芳信段138地號(臺中市地檢署發股101年偵字第13169號),一般,2026-03-02,否,巡查時該址為一倉儲已更改為養雞場，目視地表未發現廢棄物。
423,彰化縣,芳苑鄉,新寶二橋內,漢寶園段50-43、50-45、50-46、50-97地號,彰化縣臺17線49公里處漢寶海堤旁(漢寶園段50-43、50-45、50-46、50-97地號)(臺中市地檢署發股101年偵字第13169號),一般,2026-03-02,否,未發現新增廢棄物
424,彰化縣,秀水鄉,合興段1062地號,彰化縣秀水鄉合興段1062地號,彰化縣秀水鄉合興段1062地號(臺中市地檢署發股101年偵字第13169號),一般,2026-02-11,否,巡視現場，未發現有新增廢棄物情形。
426,彰化縣,彰化市,快官段457-92、457-94地號,福田段129地號,彰化縣彰化市快官段457-92、457-94地號(重測後為福田段129及83地號)(臺中市地檢署發股101年偵字第13169號),一般,2026-02-23,否,目視現場雜草叢生，未發現有新增廢棄物之情形。
427,彰化縣,溪州鄉,過溪子段573-1、508-1地號,"彰化縣溪州鄉過溪子段573-1地號 彰化縣溪州鄉過溪子段508-1地號",彰化縣溪州鄉過溪子段573-1、508-1地號(臺中地檢署發股101年偵字第17850號-祐春),一般,2026-02-09,否,現場耕作，未發現新增其他廢棄物。
431,彰化縣,員林市,員東路一段浮圳南巷35弄內空地(圳南段160地號),彰化縣員林市圳南段160地號,員林市員東路一段浮圳南巷35弄內空地(臺中市地檢署發股101年偵字第13169號),一般,2026-02-09,否,該場周圍已設有圍牆，場內種植香蕉，未發現有新增廢棄物情事。
448,高雄市,大寮區,,高雄市大寮區潭平段488-1~668地號,潭平段631等105筆地號,一般含有害,2026-05-15,否,114年初核准629地號清理計畫，已完成620噸事業廢棄物清除處理。當日巡查時，圍籬大門深鎖，無可疑車輛進出及異常之情事。
454,臺南市,仁德區,保安路一段90號,臺南市仁德區車頭段787、788、789、790、791、792等6筆地號,臺南市仁德區車頭段787、788、789、790、791、792等6筆地號,一般含有害,2026-05-04,否,"一、 本次執行環管署列管場址巡查工作。 二、 場址位於臺南市仁德區車頭段787、788、789、790、791、792等6筆地號。其餘廢棄物掩埋於地下，目視場址內地表已生長雜草。本場址設有地下水監測井簡易井(共計3處)。 三、 此次巡查經拍攝場址現場雜草叢生，內部有多台車輛停放。("
460,南投縣,南投市,,"南投市東施厝坪段201-11、201-60、201-61、201-73、201-81、209-1、9047-2、9047-8 南投縣南投市橫山段839地號 南投縣南投市橫山段396地號 南投縣南投市橫山段393地號 南投縣南投市橫山段388地號 南投縣南投市橫山段400地號",永興棄土場,一般,2026-04-21,否,例行性巡查，現場雜草叢生，廢棄物已難以辨識，未發現有新增廢棄物情形。
471,新北市,金山區,南勢湖17號附近,新北市金山區五湖段462、463、451、460、452、455、459地號(原地號為新北市金山區下中股段南勢湖小段35、26-29、25、25-1、34-1、37、36地號),金山區陽金公路旁非法金屬洗滌工廠污染清理改善案,一般含有害,2026-05-13,否,巡查無發現棄置情形
473,臺南市,永康區,,臺南市永康區王行段112地號部分土地(原永康區車行段863~869地號),臺南市永康區王行段112地號(永康科技工業區(B區)),一般,2026-03-17,否,"一、 本次執行環管署列管場址巡查工作。 二、 場址位於永康焚化爐後方，場址旁為一處停車場及一般道路，地面堆置一般及事業廢棄物，場址內部已架設儲能型太陽能發電設備。 三、 此次巡查經空拍場址現況，廢棄物無明顯異動，場址現場及周圍未發現新增棄置廢棄物情形。 四、 "
481,新竹縣,寶山鄉,新城段新城小段570-1地號,新竹縣寶山鄉新城段新城小段570-1地號,新竹縣寶山鄉新城段新城小段570-1等地號-神達路非法棄置,一般,2026-04-22,否,經現場巡查於鐵門外執行空拍作業，目視場內無明顯廢棄物。
487,高雄市,仁武區,,仁義段851、852、853地號,仁義段851、852、853地號-仁福村活動中心,一般,2026-06-08,否,當日巡查時，現場有人為活動，未發現任何異常情事。
503,桃園市,大園區,沙崙里沙崙30號旁鐵皮屋,大園區沙崙段沙崙小段1402地號,大園區沙崙里沙崙30號-陳君,一般含有害,2026-03-16,否,至該點巡查，對比巡查紀錄，因航空城計畫廢棄物流向不明。
509,臺中市,沙鹿區,,榜文段2地號,榜文段2地號,有害,2026-05-06,否,至現場巡視四周，目視現場廢棄物無增減情形，雜草叢生。
515,臺南市,鹽水區,1206-0000、1207-0000、1208-0000及1210-0000地號共4筆土地,鹽水區義中段1206-0000、1207-0000、1208-0000及1210-0000地號共4筆土地,義中段1206-0000、1207-0000、1208-0000及1210-0000地號(原下中段503地號),一般,2026-05-15,否,"一、 本次執行環管署列管場址巡查工作。 二、 場址位於鹽水區義中段1206、1207、1208及1210地號，場址內為地面堆置污泥、裝潢廢棄物、廢塑膠混合物，現場架有太陽能光電設置。 三、 此次巡查經空拍場址，比對前次巡查紀錄，現場廢棄物無新增減少移動跡象，現場無人員進行清"
520,雲林縣,臺西鄉,普令厝段,1252,普令厝段1252地號,一般,2026-04-28,否,現場廢棄物尚未清理。
521,雲林縣,斗南鎮,新光里延平路1段302巷30號,雲林縣斗南鎮小東段1084地號,東佶環保高科技股份有限公司,一般,2026-04-14,否,未有新增廢棄物
522,雲林縣,土庫鎮,崙埤段265.266.267.268.269.270.271.271-1.272.273,"雲林縣土庫鎮崙埤段265地號 雲林縣土庫鎮崙埤段266地號 雲林縣土庫鎮崙埤段267地號 雲林縣土庫鎮崙埤段268地號 雲林縣土庫鎮崙埤段269地號 雲林縣土庫鎮崙埤段270地號 雲林縣土庫鎮崙埤段271地號 雲林縣土庫鎮崙埤段271-1地號 雲林縣土庫鎮崙埤段272地號 雲林縣土庫鎮崙埤段",土庫鎮崙埤段265等十筆地號,一般,2026-04-28,否,現場廢棄物尚未清理。
530,桃園市,平鎮區,平南里開封街191號,平鎮段1173地號,平鎮區平鎮段1173地號-阿寶資源回收社,一般含有害,2026-03-19,否,該址為阿寶資源回收，現場大門深鎖，巡視周界，未有人車出入之情勢。
531,屏東縣,林邊鄉,鎮林段363.377.552地號,"屏東縣林邊鄉鎮林段363地號 屏東縣林邊鄉鎮林段377地號 屏東縣林邊鄉鎮林段552地號",鎮林段363.377.552地號,有害,2026-04-14,否,無新增廢棄物
535,桃園市,龜山區,大棟山路372號,龜山區兔子坑段1381地號,桃園市龜山區大棟山路372號,一般,2026-04-21,否,至該點巡查，對比前次紀錄，該址大門深鎖，由該址左側窗戶可見原廢棄物。
536,桃園市,觀音區,育仁段777、778地號,桃園市觀音區育仁段777、778地號,桃園市觀音區育仁段777、778地號,一般,2026-04-10,否,至該點巡查，對比巡查紀錄，大門深鎖，內部已雜草叢生，廢棄物無明顯之增減。
554,南投縣,中寮鄉,永平路510-12號隔壁,南投縣中寮鄉平林段915地號,中寮鄉平林段915地號(舊:二重溪段381地號,一般含有害,2026-03-30,否,現場廢棄物已清理完成，未有新增廢棄物情形。
559,屏東縣,內埔鄉,,大興段521地號(原案件編號243，521-1地號已完成解列),大興段521地號(原案件編號243，521-1地號已完成解列),一般,2026-04-07,否,無新增廢棄物
568,基隆市,安樂區,基隆市安樂區武訓段309、340地號,基隆市安樂區武訓段309、340地號,基隆市安樂區武訓段309、340地號,一般,2026-05-21,否,廢棄物委託方(精華光學)於111/12/10依審查意見補正廢棄物處置計畫，本計畫於112/1/5提送審查意見至環保局，本局已於112/6/7同意通過
571,嘉義縣,中埔鄉,金蘭村金蘭53之2號,護生段169地號,中埔鄉金蘭村金蘭53之2號(鐵皮屋廠房),一般,2026-05-11,否,遭棄置太空包袋裝鋁渣粉因風災廠房吹倒，目前現場先使用帆布覆蓋，場址現況廢棄物已裝袋整理無新增情形。
576,嘉義縣,布袋鎮,見龍里太平東路105號,布鹽段77地號土地,布袋鎮見龍里太平東路105號內,一般,2026-05-14,否,巡查該場址土地現況已由德川倉儲股份有限公司構建廠房完成。
577,嘉義縣,東石鄉,未登錄地,位置座標已確認,東石鄉雲嘉大橋左岸上游約800公尺處河川區域之國有土地,一般,2026-05-18,否,巡查時該場址廢棄物尚未清理，遭棄置區域現況已被雜草覆蓋，無新增廢棄物情形。
610,桃園市,龍潭區,楊銅路2段325巷175號,桃園市龍潭區洽水段(1902)368地號,龍潭區楊銅路2段325巷175號-陳君,一般含有害,2026-04-30,否,至該點巡查，該址大門深鎖，由場外目視場內，有大量太空包及塑膠製品，對比前次記錄，廢棄物無增減之情勢。
621,桃園市,楊梅區,員本路618號,民豐段260地號,楊梅區員本路618號-呂君(柏霖環保科技有限公司),一般,2026-04-10,否,至該點巡查，對比前次紀錄，巡視周界，無人車進出之情勢，目視場內廢棄物無增減之情勢
630,新竹縣,新豐鄉,埔和村2鄰85-1號,"新竹縣新豐鄉埔和村2鄰85-1號 新竹縣新豐鄉後湖段埔頂小段1265地號",新竹縣新豐鄉埔和村2鄰85-1號,一般含有害,2026-04-21,否,至現場巡查，現場雜草叢生，鐵皮屋已生鏽破裂無法進入。
631,新竹縣,新豐鄉,瑞光段27、29、37、60、61、68、75、76、79號等9筆土地,新竹縣新豐鄉瑞光段27、29、37、60、61、68、75、76、79號等9筆土地,新竹縣新豐鄉瑞光段27、29、37、60、61、68、75、76、79號等9筆土地,一般,2026-04-27,否,至現場巡查，執行空拍作業，檢視空拍照片，無發現明顯廢棄物。
632,新竹市,香山區,五福路二段616巷,新竹市茄苳段751、751-1、751-2、751-3、751-4、751-5、751-6、752、752-1、752-2、752-3、752-4、752-5、753、754、754-1、754-2,中華大學旁棄置廢棄物案,一般,2026-04-14,否,未清理，無新增廢棄物。
633,新竹市,東區,柴橋路117巷,新竹市南湖段750-1、752地號,新竹市柴橋路傾倒廢土,一般,2026-04-14,否,尚未清理，場址目前另承租並新增圍籬上鎖，無法隨意進入。
805,苗栗縣,竹南鎮,天文里龍江街372巷131號,苗栗縣竹南鎮營盤邊段山寮小段493地號,苗栗縣竹南鎮天文里龍江街372巷131號(廠房),一般,2025-12-04,否,尚未完成清理。
806,苗栗縣,造橋鄉,大潭段1055等地號,苗栗縣造橋鄉大潭段1055等地號,苗栗縣造橋鄉大潭段1055等地號,一般,2025-12-30,否,"一、本日執行案件編號00000806號非法棄置場址巡查。 二、該非法廢棄場址於114年12月28日發生火災(由本局空保科待查明涉案嫌疑人後，依空污之相關規定辦理)，本科於114年12月30日會同後龍消防隊火調科及地主至現場稽查，稽查時巡視廠區周界及廠址未發現有新增廢棄物情事，本"
809,苗栗縣,三灣鄉,灣中段905-3等地號,苗栗縣三灣鄉灣中段905-3等地號,苗栗縣三灣鄉灣中段905-3等地號,一般,2025-12-04,否,現場查勘，行為人仍未依規定於期限內提報棄置場址廢棄物清理計畫書至本局核備，該批事業廢棄物尚未清理堆置於現場。
810,臺中市,后里區,"圳寮段48、48之1至48之5、48之7、48之8、48之11、48之14至之16、48之19至之24、55等地號及內東路廣益 巷56、58、78號建物","臺中市后里區圳寮段48地號 臺中市后里區圳寮段48-1地號 臺中市后里區圳寮段48-2地號 臺中市后里區圳寮段48-3地號 臺中市后里區圳寮段48-4地號 臺中市后里區圳寮段48-5地號 臺中市后里區圳寮段48-7地號 臺中市后里區圳寮段48-8地號 臺中市后里區圳寮段48-11地號 臺中市后里區",臺中市后里區圳寮段48地號等19筆土地及其上門牌號碼臺中市后里區內東路廣益巷56、58、78號建物遭高宏銘等10人違法棄置、掩埋廢棄物,一般,2026-04-16,否,至現場巡視，現場大門深鎖無法進入
811,臺中市,北屯區,大豐段第0018-0000地號,大豐段第0018-0000地號,大豐段第0018-0000地號,一般,2026-04-21,否,至現場巡視四周，目視現場已無廢棄物。
813,臺中市,大雅區,自立段1374及1375地號,自立段1374及1375地號,中和三路對面（大雅區自立段1374及1375地號）,一般,2026-03-26,否,至現場巡視四周，目視現場已無廢棄物。
814,臺中市,新社區,林務仙區132林班地假2-20地號,林務仙區132林班地假2-20地號,林務仙區132林班地假2-20地號,一般,2026-03-05,否,至現場巡視四周，目視現場已無廢棄物。
817,臺中市,大肚區,王田段278-2、278-3、278-4、278-5、292-1、294-2、295等地號,王田段278-2、278-3、278-4、278-5、292-1、294-2、295等地號,王田段278-2、278-3、278-4、278-5、292-1、294-2、295等地號,一般,2022-12-08,否,目視無廢棄物，現場堆置石材
818,臺中市,和平區,達觀里東崎路122號,和平區達觀段159地號,達觀里東崎路122號,一般,2026-03-05,否,至現場巡視四周，目視現場廢棄物清運中。
820,彰化縣,彰化市,市竹巷1151、1149地號土地,彰化縣彰化市竹巷1151、1149地號土地,彰化縣彰化市竹巷1151、1149地號土地,一般,2026-02-23,否,未發現新增廢棄物
821,彰化縣,鹿港鎮,工業東4路10號,彰化縣鹿港鎮上林段(0393)51地號,彰化縣鹿港鎮工業東4路10號,一般,2026-03-18,否,清理中，後續持續追蹤清理進度
822,彰化縣,溪州鄉,溪子段595之1號,彰化縣溪州鄉過溪子段595之1號,彰化縣溪州鄉過溪子段595之1號,一般,2026-02-09,否,現場具有圍籬無法進入，尚未清理
823,彰化縣,大村鄉,慈祥段0403-0000地號,彰化縣大村鄉慈祥段0403-0000地號,彰化縣大村鄉慈祥段0403-0000地號,一般,2026-02-09,否,未發現新增廢棄物。
825,屏東縣,崁頂鄉,,頂安段12地號,頂安段12地號,一般,2026-04-14,否,雜草叢生看的到部分廢棄物
826,南投縣,名間鄉,新民段1、2、3、4地號土地,南投縣名間鄉新民段1、2、3、4地號土地,南投縣名間鄉新民段1、2、3、4地號土地,一般,2026-04-21,否,例行性巡查，現場雜草叢生，未查獲新增廢棄物情事
827,南投縣,竹山鎮,香員腳段117-8地號、130地號土地,南投縣竹山鎮香員腳段117-8地號、130地號土地,南投縣竹山鎮香員腳段117-8地號、130地號土地,一般,2026-04-28,否,行性巡查，現場雜草叢生，廢棄物已難以辨識，未查獲新增廢棄物情事
828,南投縣,名間鄉,名水段576、577及584地號土地,南投縣名間鄉名水段575、577地號土地,南投縣名間鄉名水段576、577及584地號土地,一般,2026-04-21,否,例行性巡查，現場雜草叢生，未查獲新增廢棄物情事
829,南投縣,竹山鎮,中崎段58地號,南投縣竹山鎮中崎段58地號,南投縣竹山鎮中崎段58地號,一般,2026-04-28,否,例行性巡查，場址雜草叢生，廢棄物難以辨識，未查獲新增廢棄物情事
830,南投縣,中寮鄉,永樂路71號（仙鹿段34地號及54地號土地）,南投縣中寮鄉永樂路71號（仙鹿段34地號及54地號土地）,南投縣中寮鄉永樂路71號（仙鹿段34地號及54地號土地）,一般,2026-03-30,否,現場廢棄物已清理完畢，未有新增廢棄物情形。
831,南投縣,南投市,東山里軍功寮段34-20地號,南投市東山里軍功寮段34-20地號,南投市東山里軍功寮段34-20地號,一般,2026-04-21,否,例行性巡查，現場雜草叢生，廢棄物已難以辨識，未查獲新增廢棄物情事
840,臺南市,六甲區,龍湖段1105、1118、1123、1124、1125、1126及1127地號,臺南市六甲區七甲段139、139-1、140、140-1地號,臺南市六甲區七甲段137-1、137-2、139、139-1、139-2、140、140-1地號(重測後龍湖段1105、1118、1123、1124、1125、1126及1127地號),一般,2026-06-03,否,"巡查現況描述： 一、 本次執行環管署列管場址巡查工作。 二、 場址位於臺南市六甲區龍湖段1105、1118、1123、1124、1125、1126、1127地號，場址內部為地面堆置玻璃纖維廢棄物。 三、 此次巡查，現場執行清運作業(兩車次)，經拍攝比對前次巡查，場址有整理篩分跡象，現場人員"
842,臺南市,安南區,顯宮段435-1、436、437、438-1地號,"臺南市安南區顯宮段435-1地號 臺南市安南區顯宮段436地號 臺南市安南區顯宮段437地號 臺南市安南區顯宮段438-1地號",臺南市安南區顯宮段436、437地號、435-1、438-1地號,一般,2026-05-20,否,"一、 本次執行環管署列管場址巡查工作。 二、 場址位於臺南市安南區顯宮段436、437地號及435-1、438-1地號，場址內部為地面堆置一般廢棄物、營建混合物廢棄物。 三、 此次巡查經空拍及手拍場址，現場有人員操作怪手進行篩分整理作業，並有三名人員進行人工篩分作業，廢棄物"
845,臺南市,東山區,東原里前大埔段66-5等地號,臺南市東山區東原里前大埔段66-5、66-9地號,臺南市東山區東原里前大埔段66-5、66-9地號,一般,2026-04-02,否,"一、 本次執行環管署列管場址巡查工作。 二、 場址位於臺南市東山區前大埔段66-5、66-9地號，場址內部為地面堆置廢塑膠混合物。 三、 此次巡查經空拍及手拍場址廢棄物及周遭，比對前次巡查紀錄，無新增棄置廢棄物情形。 四、 以下空白。"
847,臺南市,新營區,南紙段179、180、181、182、183、184、202、203、204、274-2地號,臺南市新營區南紙段182地號,臺南市新營區南紙段179、180、181、182、183、184、202、203、204、274-2地號,一般,2026-05-19,否,"一、 本次執行環管署列管場址巡查工作。 二、 場址位於臺南市新營區南紙段179、180、181、182、183、184、202、203、274-2地號，場址內部為地下掩埋集塵灰、石灰、污泥廢棄物。於114/6/25實施無機污泥試驗計畫之清路及開挖前置作業。 三、 此次巡查經空拍拍場址廢棄物及周遭"
849,臺南市,善化區,曾文段1021地號,臺南市善化區溪美段1000地號,臺南市善化區溪美段1000地號(原：善化區曾文段1021地號),一般,2026-06-02,否,"一、 本次執行環管署列管場址巡查工作。 二、 場址位於臺南市善化區溪美段1000地號，場址為地面堆置廢塑膠、廢木材及爐石廢棄物。 三、 本次巡查現場圍籬阻擋人員無法進入，經空拍場址廢棄物及地表週遭，比對前次巡查紀錄，廢棄物堆置區域無異常情形。 四、 以下空白。"
850,臺南市,西港區,劉厝里蚶西港10之5號,臺南市西港區劉厝段1219-1地號,臺南市西港區劉厝里蚶西港10之5號,一般,2026-05-25,否,"一、 本次執行環管署列管場址巡查工作。 二、 場址位於臺南市西港區劉厝段1219-1地號，場址內部為地面堆置與地面倉儲廢塑膠混合物廢棄物。 三、 此次巡查場址鐵門微開，現場無人員進行整理作業，倉庫外露天區域堆置部分已篩分之鋁箔袋，並以藍色帆布覆蓋（如圖三），現場及"
855,臺南市,安南區,淵中段242-000地號,臺南市安南區淵中段242-000地號,臺南市安南區淵中段242-000地號,一般,2026-05-07,否,"一、 本次執行環管署列管場址巡查工作。 二、 場址位於安南區淵中段242地號，場址內部為地面堆置營建廢棄物，現場圍籬阻擋人員無法進入。 三、 此次巡查經空拍廢棄物及週遭表面雜草叢生，廢棄物堆置無異動情形，場址現場及周圍未發現新增棄置廢棄物情形。 四、 以下空白。"
859,臺南市,白河區,秀祐段1005、1006、993地號,臺南市白河區秀祐段1005、1006、993地號,臺南市白河區秀祐段1005、1006、993地號,一般,2026-03-16,否,"一、 本次執行環管署列管場址巡查工作。 二、 場址位於臺南市白河區秀祐段1005、1006、993地號，場址廢棄物地面堆置廢紙於廠房外左後方。 三、 此次巡查經空拍，比對前次巡查紀錄，場址廢棄物遭雜草覆蓋，廢棄物僅部分可見，現場廢棄物目視無新增減少移動等異常情事，另於場"
860,臺南市,北門區,玉港段1124地號(玉港里灰?港129之4號),"臺南市北門區溪底寮段二重港小段(5403)166-13地號 臺南市北門區玉港段1122地號 臺南市北門區玉港段1123地號 臺南市北門區玉港段1124地號 臺南市北門區玉港段1125地號 臺南市北門區玉港段1126地號",玉港段1122~1126地號(玉港里灰?港129之4號),一般含有害,2026-04-30,否,"一、 本次執行環管署列管場址巡查工作。 二、 場址位於臺南市北門區玉港段1122、1123、1124、1125、1126地號，場址內部為地面堆置與地面倉儲碳化矽緩凝劑、石灰、鐵粉/鋁塊/纖維粉、石料/土方、塑膠碎料、廢塑膠混合物。 三、 於113/12/17執行廢棄物抽桶及換裝桶作業；114/1"
861,臺南市,官田區,神農段996地號,臺南市官田區神農段996地號,臺南市官田區神農段996地號,一般含有害,2026-04-16,否,"一、 本次執行環管署列管場址巡查工作。 二、 場址位於臺南市官田區神農段996地號，場址為地面堆置約50加侖塑膠桶85桶、50加侖鐵桶160桶(低閃火點有害廢液)，地下掩埋廢棄物已開挖驗證(113.09.24)。 三、 本次巡查場址大門深鎖人員無法進出，經空拍場址地表已雜草叢生，場址"
866,臺南市,下營區,賀建里45之19號,臺南市下營區麻豆寮段1773地號,臺南市下營區賀建里45之19號,一般,2026-05-20,否,"一、 本次執行環管署列管場址巡查工作。 二、 場址位於臺南市下營區麻豆寮段 1773地號，場址為地面堆置廢塑膠混合物(已將廢棄物打包至太空袋堆放整齊並用黑色網布覆蓋，避免廢棄物散落)。 三、 此次巡查比對前次巡查紀錄，空拍目視廢棄物堆置無新增、減少、移動情形。 四、"
869,臺南市,仁德區,崑崙段983-000地號,臺南市仁德區崑崙段983-000地號,臺南市仁德區崑崙段983-000地號,一般,2026-05-04,否,"一、 本次執行環管署列管場址巡查工作。 二、 場址位於仁德區崑崙段983地號，場址為地面堆置太空包，其內容物為影印機碳粉及碳粉匣、壓克力板、塑膠料件，有部分廢棄物散落地表情形。 三、 此次巡查經空拍與手拍廢棄物及週遭表面雜草叢生，目視廢棄物堆置無異動情形，場址現"
877,高雄市,大寮區,赤崁段潮州寮小段1636-0000地號,高雄市大寮區赤崁段潮州寮小段1636-0000地號,高雄市大寮區赤崁段潮州寮小段1636-0000地號(新地號：大寮區會明段59地號),一般,2026-06-02,否,當日巡查，該場址雜草叢生，未發現人為活動，無異常之情事。
879,高雄市,大寮區,赤崁段2304地號,高雄市大寮區赤崁段2304地號,赤崁段2304地號,有害,2026-05-15,否,當日巡查時，現場已清除完畢，無人為活動及可疑車輛進出，未發現有異常情事。
882,高雄市,大寮區,會結路86之23號(地號：會明段11~16、59地號土地),高雄市大寮區會結路86之23號(地號：會明段11~16、59地號土地),會結路86之23號(地號：會明段11~16、59地號土地),一般,2026-05-22,否,當日巡查，無可疑車輛進出及異常情事。
884,高雄市,路竹區,永華路57-6號,高雄市路竹區永華路57-6號,永華路57-6號,一般,2026-05-20,否,當日巡查時，無可疑車輛進出及人為活動，未發現有異常情事。
890,高雄市,旗山區,旗山段一小段49-251地號國有土地,高雄市旗山段49-251地號國有土地,旗山段一小段49-251地號國有土地,一般,2026-05-08,否,當日巡查，無人為活動及可疑車輛進出，未發現有異常情事。
904,高雄市,大社區,大社路395之35號,高雄市大社區尖山腳段(2030)714地號,大社路395之35號,一般,2026-06-03,否,當日巡查，現場正進行清除處理作業，無其他異常之情事。
905,高雄市,燕巢區,湖內巷2之15號等11處,高雄市燕巢區湖子內段(2503)52-2地號等11處,湖內巷2之15號等11處,一般,2026-03-24,否,當日巡察時，無任何異常之情事。
908,高雄市,大寮區,林內段114地號土地,高雄市大寮區林內段114地號土地,林內段114地號土地,一般,2026-05-22,否,當日巡查時，現場無可疑人員及車輛進出。，無異常之情事。
910,高雄市,大寮區,義堂段0198-0000及0315-0008地號土地,高雄市大寮區義堂段0198-0000及0315-0008地號土地,高雄市大寮區義堂段0198-0000及0315-0008地號土地,一般,2026-04-08,否,現場非屬廢棄物清理法非法棄置範疇，且經臺灣橋頭地方檢察署判決本案不起訴。
911,高雄市,燕巢區,鳳龍段954地號,高雄市燕巢區鳳龍段954地號,高雄市燕巢區鳳龍段954地號,一般,2026-03-24,否,現場廢棄物未清理，無可疑車輛進出與異常情形。
912,高雄市,小港區,坪鳳段637地號,高雄市小港區坪鳳段637地號,高雄市小港區坪鳳段637地號,一般,2026-05-12,否,當日巡查時，現場仍有堆置廢塑膠混合物，無異常之情事。
914,高雄市,杉林區,上平里南河巷5號,杉林區新庄段1330-1地號,高雄市杉林區上平里南河巷5號,一般,2026-03-11,否,當日巡查，無人為活動及可疑車輛進出，未發現有異常情事。
915,高雄市,仁武區,烏林段1386-2地號土地,高雄市仁武區烏林段1386-2地號土地,高雄市仁武區烏林段1386-2地號土地,一般,2026-06-08,否,"1.本局109年3月31日函請行為人及產源限期清理，行為人及產源委託清理廢塑膠及營建混合物，清理輛分別為339.42、37.91公噸(共計377.33公噸) 2.現場仍有堆置廢棄物，後續將持續請產源及行為人提送清理計畫 辦理情形"
916,高雄市,旗山區,東平段0069-0000地號土地,高雄市旗山區東平段0069-0000地號土地,高雄市旗山區東平段0069-0000地號土地,一般,2026-03-11,否,現場廢棄物已清除部分廢棄物，現場仍堆置廢棄物，無異常情形。
920,高雄市,大樹區,興田段114地號,高雄市大樹區興田段114地號,高雄市大樹區興田段114地號,一般,2026-03-16,否,本局110年7月29日函請行為人及產源限清前陳述，逾期未陳述者，本局將依廢棄物清理法第71條第1項規定，命行為人及產源限期清理。
923,高雄市,小港區,大林段1180、1181地號,高雄市小港區大林段1180、1181地號,高雄市小港區大林段1180、1181地號,一般,2026-06-02,否,當日巡查時，無可疑車輛進出及異常之情事
924,高雄市,林園區,龔林段277地號土地,高雄市林園區龔林段277地號土地,高雄市林園區龔林段277地號土地,一般,2026-04-08,否,內政部警政署保安警察第七總隊第三大隊109年1月16日移請臺灣高雄地方檢察署偵辦，本局110年4月21日函詢該署是否有證據保全之必要，該署110年5月5日函復本案尚偵查中，請暫勿解除。
927,高雄市,大寮區,會昭街5號,高雄市大寮區赤崁段潮州寮小段(1719)6525地號,高雄市大寮區會昭街5號（赤崁段潮州寮小段6525地號）,一般,2026-04-08,否,局110年5月18日限期行為人於本函送達次日起90日內清理完畢，並於文到次日30日內檢具清理計畫書送局憑辦相關事宜，逾期將逕依廢棄物清理法第71條或行政執行法第29、34條規定辦理。
932,高雄市,大社區,鹽埕段546地號,高雄市大社區鹽埕段546地號,高雄市大社區鹽埕段546地號,一般,2026-06-03,否,證據保全中，110年3月函詢是否可解除證據保全，臺灣橋頭地方法院函復仍需調查。
934,屏東縣,新園鄉,興龍段77、117、118及119地號,屏東縣新園鄉興龍段77、117、118及119地號,興龍段77、117、118及119地號,一般,2026-03-26,否,無新增廢棄物
935,屏東縣,里港鄉,光明段6地號,光明段6地號,光明段6地號(重測前:塔樓段492-4地號),一般,2026-04-21,否,無新增廢棄物
936,屏東縣,內埔鄉,壽比段1000、1001地號,屏東縣內埔鄉壽比段1000、1001地號土地,壽比段1000、1001地號,一般,2026-04-07,否,無新增廢棄物
937,屏東縣,竹田鄉,新田段949地號,屏東縣竹田鄉新田段949地號,新田段949地號,一般,2026-04-10,否,廢棄物被雜草覆蓋
943,屏東縣,竹田鄉,新勢段2090地號,屏東縣竹田鄉新勢段2090地號,新勢段2090地號,一般,2026-04-10,否,無新增廢棄物
957,臺南市,東山區,大客段枋子林小段58-227地號(東山服務區旁),臺南市東山區大客段枋子林小段58-227地號,東山區大客段枋子林小段58-227地號棄置案件,一般含有害,2026-05-26,否,"一、 本次執行環管署列管場址巡查工作。 二、 場址位於臺南市東山區大客段枋子林小段58-227地號，場址內部廢棄物為地面堆置240噸。 三、 此次巡查經空拍及手拍場址，巡查當下無人員及機具在場，場址大部分已被雜草覆蓋，目視場址現場及周圍未發現異常。 四、 清理期限至115"
965,屏東縣,枋寮鄉,,東海段26-1、26-2、26-3地號,屏東縣枋寮鄉東海段26-1、26-2、26-3地號,一般,2026-05-07,否,現場無法進入，無新增廢棄物
967,新竹縣,湖口鄉,湖鏡段126地號,新竹縣湖口鄉湖鏡段126地號,新竹縣湖口鄉湖鏡段126地號棄置案,一般,2026-04-21,否,"本日至現場巡查，使用空拍機進行空拍作業，目視現場廢棄物無增加情形。 辦理情形：無明顯新增/減少廢棄物。"
969,南投縣,南投市,福溪段885、888地號,"南投縣南投市福溪段884地號 南投縣南投市福溪段888地號",南投縣南投市福溪段885、888地號,一般,2026-04-21,否,例行性巡查，現場雜草叢生，未有新增廢棄物情事，目前尚在蒐證中。
976,嘉義縣,水上鄉,新番子寮段,1321、1349、1350,水上鄉義興村下菜園2之1號(宏辰企業社),一般,2026-05-05,否,巡查該場址因租賃遭棄置大量廢塑膠混合物已清理部分，現況有門禁管制無新增廢棄物情形。
977,嘉義縣,溪口鄉,崙尾段天赦小段,嘉義縣溪口鄉崙尾段天赦小段51地號,溪口鄉崙尾段天赦小段51地號,一般,2026-05-15,否,該場址因租賃遭棄置廢塑膠混合物，巡查場址現況入口設有鐵捲門未見新增廢棄物情形。
979,屏東縣,竹田鄉,水源段1.2.4.12.13.15-1.16.17.20.21.22.23.473地號,竹田水源段1.2.4.12.13.15-1.16.17.20.21.22.23.473地號,竹田龍頸溪濕地,一般,2026-04-10,否,無新增廢棄物
983,嘉義縣,義竹鄉,義竹段義竹小段759、760地號,嘉義縣義竹鄉義竹段義竹小段759地號,義竹鄉義竹段義竹小段759、760地號,一般,2026-05-12,否,該場址鐵皮廠房遭棄置廠內堆置廢木材、太空袋裝廢塑膠等廢棄物，清理義務人(鄭偉欽)已清運4次6車次計48.86公噸之廢塑膠。另地主(董孝文)至114年9月15日止，先行清除共38次80車次，總計清理1403.85公噸(含124.44公噸之廢塑膠、25.26公噸之廢油混和物、1029.54公噸之廢玻璃、2
985,嘉義縣,民雄鄉,秀林段2337-0000地號土地,嘉義縣民雄鄉秀林段2337地號,民雄鄉秀林段2337-0000地號土地,一般,2026-05-05,否,巡查時該場址廢棄物已完成清理，未見新增廢棄物情形。
986,嘉義縣,東石鄉,港墘段港墘小段597、601及601-1地號土地,"嘉義縣東石鄉港墘段港墘小段597地號 嘉義縣東石鄉港墘段港墘小段601地號 嘉義縣東石鄉港墘段港墘小段601-1地號",東石鄉港墘段港墘小段597、601及601-1地號土地,一般,2026-05-18,否,巡查時場址遭棄置大量廢木材混合物已清理部分，現況未見新增廢棄物情形。
987,嘉義縣,大林鎮,新大埔美段3180、3181、3182、3183及3228地號土地,嘉義縣大林鎮新大埔美段3180地號,大林鎮新大埔美段3180、3181、3182、3183及3228地號土地,一般,2026-05-15,否,巡查時該場址設置簡易圍籬，遭棄置廢木材混合物現況未見新增廢棄物情形。
988,嘉義縣,民雄鄉,大崎腳段152-1及154地號土地,"嘉義縣民雄鄉大崎腳段152-1地號 嘉義縣民雄鄉大崎腳段154地號",民雄鄉大崎腳段152-1及154地號土地,一般,2026-05-05,否,巡查該場址遭棄置廢木材混合物，場址現計清理約90公噸，巡查時現況新增大量廢木材。
992,屏東縣,里港鄉,載興段1240、1241地號,屏東縣里港鄉載興段1240、1241地號,屏東縣里港鄉載興段1240、1241地號,一般,2026-04-21,否,無新增廢棄物
993,臺中市,霧峰區,象鼻路內空地,霧峰區萬斗六段0967-0020地號,臺中市霧峰區象鼻路內（萬斗六段0967-0020地號）-掩埋廢棄物,一般,2026-05-25,否,至現場巡視四周，目視現場廢棄物無增減情形，雜草叢生。
994,屏東縣,東港鎮,大埔段1241-1、1241-2、1241-3、1241-4、1241-5、1241-6、1315地號,屏東縣東港鎮大埔段1241-1、1241-2、1241-3、1241-4、1241-5、1241-6、1315地號,屏東縣東港鎮大埔段1241-1、1241-2、1241-3、1241-4、1241-5、1241-6、1315地號,一般,2026-03-26,否,無新增廢棄物
995,屏東縣,東港鎮,船頭段191、193-3地號,屏東縣東港鎮船頭段191、193-3地號,屏東縣東港鎮船頭段191、193-3地號,一般,2026-03-26,否,無新增廢棄物
996,臺中市,太平區,長龍路四段道路旁,太平區頭汴坑段：3100、4357-1,臺中市太平區長龍路四段道路旁(地號：太平區頭汴坑段：3100、4357-1地號)-棄置廢棄物,一般,2026-05-28,否,至現場巡視四周，目視現場已無廢棄物
997,屏東縣,萬巒鄉,牛角灣段364、417地號,屏東縣萬巒鄉牛角灣段364、417地號,屏東縣萬巒鄉牛角灣段364、417地號,一般,2026-04-07,否,無新增廢棄物
998,臺南市,歸仁區,,臺南市歸仁區八甲段4030地號,臺南市歸仁區八甲段4030地號土地,一般,2026-03-23,否,"一、 本次執行環管署列管場址巡查工作。 二、 場址位於臺南市歸仁區八甲段4030地號，場址為廠房前一處空地，目視廢棄物堆置於空地內，廢棄物以帆布覆蓋且雜草藤蔓攀附，太空包內盛裝之廢棄物種類為塑膠管(條)、廢木材、廢塑膠混合物、壓克力條及壓克力切削碎屑。 三、 此次"
1002,臺南市,西港區,南海里中港38之3號,臺南市西港區南海埔段876地號,臺南市西港區南海里中港38之3號,一般含有害,2026-03-20,否,"一、 本次執行環管署列管場址巡查工作。 二、 場址位於臺南市西港區南海埔段876地號，場址內部為地面倉儲堆置不明廢液廢油桶裝入頓桶、破損舊太空袋重新入袋後移入廠房內擺放，原木屑鋪面防止施工過程油液滲漏已清除完畢，緊急應變112/9/5確認已完工。 三、 此次巡查大門有"
1005,桃園市,觀音區,保障段1430地號,桃園市觀音區保障段1430地號,桃園市觀音區保障段1430地號,一般,2026-05-21,否,至該點巡查，對比前次紀錄，故未進入廠內巡查
1008,桃園市,蘆竹區,南山北路二段92-1號,"坑子口段後壁厝小段501號地號 桃園市蘆竹區後壁段1213地號",桃園市蘆竹區南山北路二段92-1號(坑子口段後壁厝小段513-3地號),一般,2026-04-17,否,至該址巡查，大門深鎖。
1009,臺南市,學甲區,新達里山寮58之10號,臺南市學甲區宅子港段168-5、168-8、168-108、168-202、168-209地號,臺南市學甲區宅子港段168-5、168-8、168-108、168-202、168-209地號,一般含有害,2026-06-08,否,"一、 本次執行環管署列管場址巡查工作。 二、 場址位於學甲區宅子港段168-5、168-8等地號，場址為地面堆置及地面倉儲廢塑膠混合物等。 三、 此次巡查因雨勢較大無法執行空拍，僅能手拍，現場大門緊閉人員無法進入，目視場址外周圍無異常情勢。 四、 以下空白。"
1011,桃園市,桃園區,莊敬路二段499號,"桃園區莊敬路二段499號 桃園市桃園區富國段1121地號",桃園市桃園區莊敬路二段499號,一般,2026-03-19,否,至該點巡查，對比巡查紀錄，該址為天辰興業有限公司，場內廢棄物有明顯增加之情形
1015,桃園市,八德區,大發里和成路54號,桃園市八德區大發段177地號,八德區大發里和成路54號,一般,2026-04-21,否,至該點巡查，對比巡查紀錄，該場址為八德區和成路52號、榮興路335號、東勇街490巷26號旁等3處。
1029,臺南市,後壁區,嘉安段568段等16筆地號,臺南市後壁區嘉安段0568、0569、0570、0571、0572、0575-1、0575、0576、0579、0580、0583、0584、0587、0588、0591、0592等16筆地號,臺南市後壁區嘉安段0568、0569、0570、0571、0572、0575-1、0575、0576、0579、0580、0583、0584、0587、0588、0591、0592等16筆地號,一般,2026-06-04,否,"一、 本次執行環管署列管場址巡查工作。 二、 場址位於臺南市後壁區嘉安段0568、0569等16筆地號，場址內部為地下掩埋廢棄物爐渣粒料廢棄物。 三、 本次巡查經拍攝場址，巡查當下現場無人員進行整理作業，場址現場及周遭未發現新增廢棄物情形。 四、 截至115年5月27日，開挖"
1030,新竹縣,峨眉鄉,富農段261、282、287、288及289地號,"新竹縣峨眉鄉富農段261地號 新竹縣峨眉鄉富農段282地號 新竹縣峨眉鄉富農段287地號 新竹縣峨眉鄉富農段288地號 新竹縣峨眉鄉富農段289地號",新竹縣峨眉鄉富農段261、282、287、288及289地號,一般,2026-04-16,否,經現場巡查確認，目視現場無明顯新增/減少廢棄物。
1036,桃園市,龜山區,東萬壽路150號旁,龜山區塔寮坑段912地號,龜山區東萬壽路150號旁,一般,2026-04-21,否,至該點巡查，對比巡查紀錄110-H1***7，棄置點雜草叢生且地形陡峭，故無法辨識廢棄物。
1045,新北市,貢寮區,撈洞段蚊子坑小段382地號,新北市貢寮區撈洞段蚊子坑小段382地號,新北市貢寮區撈洞段蚊子坑小段382地號,一般,2026-04-15,否,無新增廢棄物情形
1046,新北市,五股區,五股坑一段537、541-2及543-2等3筆地號,新北市五股區五股坑一段537、541-2及543-2等3筆地號,五股坑一段537、541-2及543-2等3筆地號,一般,2026-05-05,否,無新增廢棄物情形
1059,新北市,五股區,凌雲路2段28-1號,新北市五股區成子寮段1323地號,凌雲路2段28-1號,一般,2026-05-05,否,無新增廢棄物情形
1119,南投縣,南投市,福興段403、405地號,"南投縣南投市福興段403地號 南投縣南投市福興段405地號",南投縣南投市福興段403、405地號,一般,2026-04-13,否,例行性巡查，現場雜草叢生，未發現有新增廢棄物情形。
1120,南投縣,竹山鎮,鹿山路284巷61號,"南投縣竹山鎮鹿山段116地號 南投縣竹山鎮鹿山段117地號",南投縣竹山鎮鹿山段116、117地號,一般,2026-05-22,否,"清理中(其他) 部分廢棄物已清除，現場仍有部分廢棄物未清"
1127,臺中市,神岡區,下溪洲段後壁厝小段119-144地號土地,"神岡區下溪洲段後壁厝小段119-144地號土地 臺中市神岡區宋厝段691地號",下溪洲段後壁厝小段119-144地號土地,一般,2026-06-01,否,現場無留置待清理之廢棄物
1128,臺中市,新社區,水底寮段上水底寮小段361-1、2391、2392、2393、2394地號土地,水底寮段上水底寮小段361-1、2391、2392、2393、2394地號土地,水底寮段上水底寮小段361-1、2391、2392、2393、2394地號土地,一般,2026-03-05,否,至現場巡視四周，目視現場廢棄物多數已清理完成，仍有部分廢菇包堆置，另於114年9月4日巡查時有發現新增廢菇包，保七大隊已另案成立並到現場進行調查拉起警示線。
1131,臺中市,沙鹿區,竹林東段96地號,竹林東段96地號,竹林東段96地號,一般,2026-03-26,否,現場已生雜草，目視無其他異常。
1138,高雄市,鳥松區,神農路780之2號,（高雄市鳥松區美德段0583-0000等地號土地）,高雄市鳥松區神農路780之2號,一般,2026-06-02,否,當日巡查時，現場已設立網狀圍籬並種植植物，未發現有異常情事。
1139,高雄市,小港區,坪北段527地號,高雄市小港區坪北段527地號,坪北段527地號(實際棄置場址)(原列管場址為高雄市大社區鹽埕段203地號),一般,2026-05-15,否,當日巡查時，無可疑車輛進出及異常之情事。
1140,高雄市,旗山區,十八份段第257.258地號土地,高雄市旗山區十八份段第257.258地號土地,高雄市旗山區十八份段第257.258地號土地,一般,2026-03-24,否,當日巡查時，現場無人為活動，無異常之情事
1145,高雄市,大寮區,潮寮路18巷39F棟、朝德路36號,高雄市大寮區潮寮北段868地號,高雄市大寮區潮寮路18巷39F棟、朝德路36號,一般,2026-06-02,否,現場已無廢棄物棄置。
1149,高雄市,田寮區,牛稠埔段445-2、449-7等地號,高雄市大寮區潮寮北段445-2地號,高雄市牛稠埔段445-2、449-7等地號,一般,2026-04-21,否,旨案實際棄置地號為田寮區牛稠埔段445-2、449-7地號，行為人柯育添提送清理計畫書，本局110年8月12日同意備查，核准清理營建混合物、廢木材分別約為1萬5、5千公噸(以實際清運量磅單重量為主)，並限期2年內清理完成。
1150,高雄市,大樹區,,高雄市大樹區小坪段182地號,高雄市大樹區關帝廟停車場、大坑路州子橋、大坑溝橋等3處所（小坪段182地號）,一般,2026-05-07,否,110年8月2日緩起訴處分，後續俟解除證據保全後，依法命清理義務人限期清理。
1153,高雄市,大樹區,姑山段521地號土地,高雄市大樹區姑山段521地號土地,高雄市大樹區姑山段521地號土地,一般,2026-04-10,否,現場非屬廢棄物清理法非法棄置範疇。
1155,高雄市,大寮區,寮溪路10之37號,高雄市大寮區翁公園段二小段4902地號,高雄市大寮區溪寮路10之37號,一般,2026-06-03,否,當日巡查大門深鎖，無任何人員或車輛出入異常之情事。
1157,高雄市,田寮區,田寮段第699-12地號土地,高雄市田寮區田寮段第699-12地號土地,高雄市田寮區田寮段第699-12地號土地,一般,2026-06-01,否,內政部保安警察第七總隊第三大隊110年1月7日移請臺灣橋頭地方檢察署偵辦，後續俟解除證據保全後，依法命清理義務人限期清理。
1159,高雄市,大寮區,潭鳳段391、392、893、894、895、896、899、900地號土地,高雄市大寮區潭鳳段391、392、893、894、895、896、899、900地號土地,高雄市大寮區潭鳳段391、392、893、894、895、896、899、900地號土地,一般,2026-04-08,否,現場已無廢棄物棄置
1160,高雄市,路竹區,長興路80巷30號,高雄市路竹區下甲段60地號,高雄市路竹區長興路80巷30號（下甲段63地號）,一般,2026-04-08,否,內政部警政署保安警察第七總隊第三大隊110年2月1日移送台灣橋頭地方檢查署偵辦，本局110年3月4日函詢證據保全，後續俟解除證據保全後，依法命清理義務人限期清理。
1161,高雄市,大寮區,赤崁段2287地號,高雄市大寮區赤崁段2287地號,高雄市大寮區赤崁段2287地號,一般,2026-06-03,否,內政部警政署保安警察第七總隊第三大隊110年2月2日移送台灣高雄地方檢查署偵辦，本局110年7月19日函詢證據保全，後續俟解除證據保全後，依法命清理義務人限期清理。
1171,桃園市,觀音區,樹新段803地號,觀音區樹新段803地號,木岩企業社(觀音區樹新段803地號),一般,2026-04-10,否,至該點巡查，對比巡查紀錄，現場已用鐵皮圍起，因無稽查員陪同故未進入廠內巡查。
1172,屏東縣,新埤鄉,上萬安段380、381、384、385、385-1、385-2、385-3、385-4、385-5、402、403等11筆地號,上萬安段380、381、384、385、385-1、385-2、385-3、385-4、385-5、402、403等11筆地號,屏東縣新埤鄉上萬安段385等11筆地號土地,一般,2026-04-14,否,無新增廢棄物
1230,南投縣,埔里鎮,溪南段455-456地號土地,南投縣埔里鎮溪南段455-456地號土地,南投縣埔里鎮溪南段455-456地號土地,一般,2026-04-15,否,例行性巡查，現場廢棄物已由地主清除完成，未發現有新增廢棄物情形。
1231,南投縣,名間鄉,萬丹段202地號土地,南投縣名間鄉萬丹段202地號土地,南投縣名間鄉萬丹段202地號土地,一般,2026-04-21,否,例行性巡查，現場雜草叢生，廢棄物已難以辨識，未查獲新增廢棄物情事
1238,南投縣,中寮鄉,中寮段708-3地號,"南投縣中寮鄉中寮段708-3地號 南投縣國姓鄉墘溝段9015-1地號",中寮鄉中寮段708-3地號、國姓鄉墘溝段9015-1地號、,一般,2026-03-30,否,例行性巡查，中寮段708-3地號現場因土石崩塌，廢棄物遭覆蓋無法辨識。國姓鄉墘溝段9015-1地號之廢棄物，因緊鄰國姓鄉橋聳雲天觀光景點，恐影響周邊環境，緊急清運至國姓鄉垃圾衛生掩埋場暫置。
1239,臺中市,梧棲區,永興路一段265巷181號,臺中市梧棲區和平段230、232地號,威冠開發工程有限公司,一般,2022-01-21,否,已清理
1243,彰化縣,大村鄉,新埤子頭段109地號,彰化縣大村鄉新埤子頭段109地號,彰化縣大村鄉新埤子頭段109地號,一般,2026-02-09,否,無新增廢棄物
1244,屏東縣,屏東市,海豐街69巷71-21號,屏東市信和段279地號,屏東市信和段279地號,一般,2026-04-21,否,無新增廢棄物
1245,屏東縣,高樹鄉,南華段13-1、13-2地號,屏東縣高樹鄉南華段13-1、13-2地號,屏東縣高樹鄉南華段13-1、13-2地號,一般,2026-04-23,否,無新增廢棄物
1249,屏東縣,新埤鄉,打鐵段714-22、714-13、714-6地號,屏東縣新埤鄉打鐵段714-22、714-13、714-6地號,屏東縣新埤鄉打鐵段714-22、714-13、714-6地號,一般,2026-04-14,否,無新增廢棄物
1252,臺南市,龍崎區,中坑子段743-4地號,臺南市龍崎區中坑子段743-4地號,臺南市龍崎區中坑子段743-4地號,一般,2026-04-27,否,"一、 本次執行環管署列管場址巡查工作。 二、 場址位於龍崎區中坑子段743-4地號，場址為邊坡地面堆置太空包裝或散落於含金屬廢塑膠碎片，數量約10包太空包。 三、 本次巡查經拍攝廢棄物及週遭表面已生長雜草茂密，僅能從雜草縫隙目視到廢棄物，場址現場及周圍未發現新增棄置"
1253,彰化縣,芳苑鄉,芳義段564、565地號,芳義段564、565地號,芳苑鄉芳義段564、565地號,一般含有害,2026-03-02,否,未發現新增廢棄物
1255,嘉義縣,中埔鄉,石頭厝段135地號土地,嘉義縣中埔鄉石頭厝段135地號,中埔鄉石頭厝段135地號土地,一般,2026-05-11,否,巡查時該場址遭棄置廢木材混合物仍未清理，現況堆置區雜草叢生未見新增廢棄物情形。
1257,彰化縣,鹿港鎮,鹽埔段411、412地號,"彰化縣鹿港鎮鹽埔段411地號 彰化縣鹿港鎮鹽埔段412地號",展圖園藝場址,一般,2026-03-18,否,已完成清理，未發現有明顯新增廢棄物情形。
1258,南投縣,南投市,南鄉段570地號,南投縣南投市南鄉段570地號,南投市千秋里活動中心旁,一般,2026-04-21,否,例行性巡查，現場廢棄物已由地主清除完畢，現場雜草叢生且架設圍籬，未發現有新增廢棄物情形
1259,高雄市,大樹區,統嶺段603地號,高雄市大樹區統嶺段603地號,高雄市大樹區統嶺段603地號,一般,2026-05-11,否,當日巡查，現場有進行過開挖作業，該場址目前偵辦中。
1261,高雄市,小港區,孔宅段317地號,高雄市燕巢區瓊安段191地號,高雄市小港區孔宅段317地號,一般,2026-05-12,否,現場已無廢棄物棄置。
1262,高雄市,湖內區,正義段0116、0122、0124、0125、0126等地號,"高雄市湖內區正義段116地號 高雄市湖內區正義段122地號 高雄市湖內區正義段124地號 高雄市湖內區正義段125地號 高雄市湖內區正義段126地號",高雄市湖內區正義段0116、0122、0124、0125、0126等地號,一般,2026-06-08,否,當日巡查時，現場無人為活動及異常情事發生。
1264,高雄市,燕巢區,安招路254號空地,高雄市燕巢區瓊安段191地號,高雄市燕巢區安招路254號空地（瓊安段191地號）,一般,2026-05-21,否,當日巡查，無人為活動及異常之情事。
1265,高雄市,鳥松區,大腳腿段1737地號,大樹區龍目段0121地號,高雄市鳥松區大腳腿段1737地號,一般,2026-04-14,否,當日巡查時，無可疑車輛進出及異常之情事。
1270,桃園市,觀音區,白玉一路與白玉三路交叉口空地,觀音區觀玉段22-15號,觀音區白玉一路與白玉三路交叉口空地,一般,2026-05-25,否,至該點巡查，對比巡查紀錄，該址為社區住宅工程，大門深鎖。
1274,桃園市,蘆竹區,南崁路一段300巷90弄18號旁,"桃園市蘆竹區錦中段241地號 桃園市蘆竹區錦中段242地號 桃園市蘆竹區錦中段245地號 桃園市蘆竹區錦中段247地號",呂君案地號),一般含有害,2026-04-21,否,至該址巡視，對比前次記錄，廢棄物無明顯變動之情勢，週界有明顯異味。
1278,桃園市,平鎮區,中豐路183號,桃園市平鎮區德育段1490地號,平鎮區中豐路183號,一般,2026-04-21,否,至該點巡查，對比前次記錄，該址為平鎮區清潔隊，因鐵道與清潔大隊工程，廢棄物流向不明。
1279,彰化縣,鹿港鎮,崑崙段76-1地號,彰化縣鹿港鎮崑崙段76-1地號,鹿港鎮崑崙段76-1地號,一般,2026-03-12,否,未發現有明顯新增廢棄物情形
1282,彰化縣,芳苑鄉,,新王功段8、9地號,新王功段8、9地號,一般,2026-03-02,否,未發現有明顯新增廢棄物情形。
1283,臺南市,七股區,下山子寮段259-1、259-7地號,臺南市七股區下山子寮段259-1、259-7地號,七股區下山子寮段地下棄置掩埋,一般,2026-04-09,否,"一、 本次執行環管署列管場址巡查工作。 二、 場址位於臺南市七股區下山子寮段259-1、259-7地號，場址內為地下掩埋與地面堆置廢塑膠混合物廢棄物。 三、 本次巡查至現場空拍，場址現場前次巡查新暫放之塑膠盒及保麗龍尚未移走，經再次詢問魚塭承租人，其表示最近較忙，會盡"
1286,臺南市,麻豆區,麻善段810、811、812,"臺南市麻豆區麻善段810地號 臺南市麻豆區麻善段811地號 臺南市麻豆區麻善段812地號",麻豆區麻善段810、811、812(R267國有地、原磚子井段524、527、528地號),一般含有害,2026-03-20,否,"一、 本次執行環管署列管場址巡查工作。 二、 場址位於臺南市麻豆區麻善段811、812、810地號，場址內部為地面堆置廢塑膠、廢電線電纜及粉碎廢料、污泥、貝克桶及鐵桶廢液。 三、 此次巡查經拍攝比對前次巡查紀錄，前次除草區域部分生長雜草，場址現場及周圍未發現新增棄置廢"
1288,彰化縣,和美鎮,中興路2段2巷162-1號,彰化縣和美鎮嘉安段106地號,彰化縣和美鎮中興路2段162-1號倉庫,一般,2026-03-12,否,現場已清理完成。
1294,屏東縣,東港鎮,"東新段103,108,111,117,141,142,147,148,163,164,168,180,181,195,196,202,204,176,175,172,173,174,159,158,1","屏東縣東港鎮東新段103地號 屏東縣東港鎮東新段108地號 屏東縣東港鎮東新段111地號 屏東縣東港鎮東新段117地號 屏東縣東港鎮東新段141地號 屏東縣東港鎮東新段142地號 屏東縣東港鎮東新段147地號 屏東縣東港鎮東新段148地號 屏東縣東港鎮東新段163地號 屏東縣東港鎮東新段16",屏東縣東港鎮東新段152、153、154、163、168地號(依判決書調查結果),一般,2026-03-26,否,現場廢棄物堆置
1295,屏東縣,內埔鄉,溝底段1044地號,屏東縣內埔鄉溝底段1044地號,屏東縣內埔鄉溝底段1044地號,一般,2026-04-07,否,無新增廢棄物
1296,屏東縣,高樹鄉,東振新投1585地號,屏東縣高樹鄉東振新投1585地號,屏東縣高樹鄉東振段227地號(原東振新段1585地號),一般,2026-04-23,否,現場剛被燒過，呈現之樣貌不確定是否為原廢棄物
1298,臺南市,東山區,二重溪段197-16、197-41、197-42地號,東山區二重溪段197-16、197-41、197-42地號,東山區二重溪段197-16、197-41、197-42地號非法棄置,一般,2026-05-13,否,"一、 本次執行環管署列管場址巡查工作。 二、 場址位於臺南市東山區二重溪段197-16、197-41、197-42地號，場址內部原為地面堆置廢塑膠混合物、環保金爐底渣廢棄物。 三、 本次巡查經空拍場址現場，場址內部分區域有除草跡象，原場址廢棄物(圖四紅圈處)已被雜草覆蓋；場址內"
1300,臺南市,新市區,潭頂里100-30號,"新市區東大社段 1531地號",新市區東大社段1531地號(新市區潭頂里100-30號)(113/7/21登記分割為1531、1531-1地號，113/8/8更新土地註記1531-1地號已無廢棄物),一般含有害,2026-03-19,否,"一、 本次執行環管署列管場址巡查工作。 二、 場址位於臺南市新市區潭頂里100-30號(東大社段 1531地號)，場址為地面堆置有害腐蝕性廢液、廢塑膠混合物等。原堆置有害廢液已於111年11月21日清理及112年4月29日代清理。 三、 此次巡查空拍場址現場，現場雜草叢生茂密覆蓋廢棄"
1301,南投縣,名間鄉,南雲路12號農地,南投縣名間鄉名水段747地號,南投縣名間鄉名水段747地號,一般,2026-04-17,否,例行性巡查，現場雜草叢生，未發現有新增廢棄物情形。
1303,臺南市,左鎮區,光和段332-1地號,左鎮區光和段332-1地號,左鎮區光和段332-1地號,一般,2026-06-09,否,"一、 本次執行環管署列管場址巡查工作。 二、 場址位於臺南市左鎮區光和段332-1地號，場址曾開挖後地面堆置橡膠、塑膠、尼龍料。 三、 此次巡查經空拍場址位置及週遭，場址地表雜草覆蓋濃密，巡視場址現場及周圍未發現新增棄置廢棄物情形。 四、 以下空白。"
1304,桃園市,觀音區,中山路二段997號,桃園市觀音區大同段1033地號,觀音區中山路二段997號,一般,2026-05-21,否,至該點巡查，對比前次紀錄，未發現本案廢棄物
1309,桃園市,新屋區,福興段244地號,新屋區福興段244地號,新屋區福興段244地號,一般,2026-05-21,否,至該點巡查，對比巡查紀錄，現場有燃燒痕跡太空包已破裂，內容物直接暴露在田地上。
1310,彰化縣,花壇鄉,新內庄段18-4、18-6地號,"彰化縣花壇鄉新內庄段18-4地號 彰化縣花壇鄉新內庄段18-6地號",彰化縣花壇鄉新內庄段18-4、18-6地號,一般,2026-02-09,否,未發現明顯廢棄物新增情形，現場已清理完畢
1319,高雄市,茄萣區,崎漏段一小段14-30及14-31地號,高雄市茄萣區崎漏段一小段14-30及14-31地號,高雄市茄萣區崎漏段一小段14-30及14-31地號。,一般,2026-04-08,否,當日巡查時現場雜草叢生，無人為活動，無異常之情事。
1320,高雄市,田寮區,田寮段0044-0007地號,高雄市田寮區田寮段0044-0007地號,高雄市田寮區田寮段0044-0007地號,一般,2026-04-21,否,當日巡查，無異常車輛進出，無異常情形。
1321,高雄市,杉林區,杉林段34、34-1地號土地,"高雄市杉林區杉林段34地號 高雄市杉林區杉林段34-1地號",高雄市杉林區杉林段34、34-1地號土地,一般,2026-03-11,否,當日巡查時無人為活動及異常之情事。
1324,高雄市,大寮區,會結二路326巷25號,"高雄市大寮區赤崁段潮州寮小段5937地號 高雄市大寮區赤崁段潮州寮小段5938地號 高雄市大寮區赤崁段潮州寮小段5939地號",高雄市大寮區會結二路326巷25號（赤崁段潮州寮小段5937、5938、5939地號）,一般,2026-05-15,否,現場已無廢棄物棄置。
1326,高雄市,岡山區,五甲尾段1029地號,高雄市岡山區五甲尾段1029地號,高雄市岡山區五甲尾段1029地號,一般,2026-06-03,否,當日巡查時，無人為活動及異常之情事。
1329,桃園市,楊梅區,電研路190巷295-1號旁,桃園市楊梅區高雙段213地號,楊梅區高雙段220、222及223地號旁（電研路190巷295-1號旁）,一般,2026-05-21,否,至該點巡查，對比稽查紀錄115-H0***1，稽查員現場以九宮格方式開挖，隨機用挖土機開挖，開挖三點皆未見明顯白土或土木或建築廢棄物混合物(D-0599)，故本案現場稽查員客觀認定改善完成。
1336,桃園市,龜山區,東舊路街(長庚球場旁山坡地),桃園市龜山區塔寮坑段坑底小段159-9地號,龜山區東舊路街(長庚球場旁山坡地),一般,2026-04-17,否,至該址巡查，對比前次紀錄，因雜草叢生故視無廢棄物之增減
1337,高雄市,旗山區,北?段814、815及819地號,"高雄市旗山區北勢段814地號 高雄市旗山區北勢段815地號 高雄市旗山區北勢段819地號",高雄市旗山區北?段814、815及819地號,一般含有害,2026-03-26,否,當日巡查時，現場廢棄物已清理完成，無廢棄物堆置之情形。
1338,高雄市,六龜區,老濃段654之3、654之4及654等3地號,"高雄市六龜區荖濃段654-3地號 高雄市六龜區荖濃段654-4地號 高雄市六龜區荖濃段654地號",高雄市六龜區老濃段654之3、654之4及654等3地號,一般,2026-05-11,否,當日巡查時，無人為活動及異常之情事。
1344,桃園市,八德區,長興路493巷86號(八德區營盤段451地號),桃園市八德區營盤段451地號,八德區長興路493巷86號(八德區營盤段451地號),一般,2026-05-21,否,至該點巡查，對比前次紀錄，入口處新增鐵網，廢棄物無明顯增減之情形。
1354,苗栗縣,竹南鎮,西崎頂段1140地號,苗栗縣竹南鎮西崎頂段1140地號,劉信源非法堆置廢棄物,一般,2025-12-04,否,現場稽查時，已完成清理。
1358,桃園市,中壢區,桃園大圳4之1號蓄水池(中壢區內壢段2176地號),桃園市中壢區內壢段2176地號,中壢區桃園大圳4之1號蓄水池(中壢區內壢段2176地號),一般,2026-03-19,否,"現場大門深鎖。 因無稽查員陪同故未進入廠內巡查。"
1362,新竹市,香山區,海埔路229巷,"新竹市新竹市海埔段1233地號 新竹市新竹市海埔段1233-1地號 新竹市新竹市海埔段1233-2地號 新竹市新竹市海埔段1258地號 新竹市新竹市海埔段1259地號 新竹市新竹市海埔段1260地號",新竹市香山區海埔路229巷,一般,2026-06-04,否,尚未清理，無新增廢棄物。
1365,桃園市,八德區,榮興段1282地號,桃園市八德區榮興段1282地號,八德區榮興段1282地號,一般,2026-04-30,否,至該點巡查，對比稽查紀錄114-H1***6，經稽查員確認案件廢棄物已全數清除。
1368,臺南市,新化區,新化段王公廟小段1230、1230之1、1230之2等地號,"臺南市新化區新化段王公廟小段1230地號 臺南市新化區新化段王公廟小段1230-1地號 臺南市新化區新化段王公廟小段1230-2地號",臺南市新化區新化段王公廟小段1230、1230之1、1230之2等地號,一般,2026-06-02,否,"一、 本次執行環管署列管場址巡查工作。 二、 場址位於臺南市新化區東榮里新化段王公廟小段1230、1230-1、1230-2等地號，場址為地面堆置與地面倉儲廢塑膠混合物等。 三、 此次巡查經拍攝場址比對前次巡查紀錄，廢棄物無新增減少移動之情勢，場址現場及周圍未發現新增廢棄物"
1369,臺南市,新市區,大洲段808-15地號,"臺南市新市區大洲段808-15地號 臺南市新市區大洲段808-17地號 臺南市新市區大洲段808-6地號 臺南市安定區六塊寮段227-5地號 臺南市安定區六塊寮段228地號 臺南市安定區六塊寮段231-2地號 臺南市安定區六塊寮段232-4地號 臺南市安定區六塊寮段261地號 臺南市安定區六塊寮段26",新市區大洲段808-15地號,一般,2026-03-19,否,"一、 本次執行環管署列管場址巡查工作。 二、 場址位於臺南市新市區大洲段807-5等7筆地號、安定區六塊寮227-5等6筆地號 (為台糖所有地)，廢棄物為地下掩埋，廢棄物種類主要為廢塑膠混合物、營建混合物以及生活垃圾。 三、 此次巡查經空拍，場址地表雜草叢生，比對前次巡查，"
1371,桃園市,龍潭區,永福段2014地號,桃園市龍潭區永福段2014地號,龍潭區永福段2014地號,一般,2026-04-30,否,至該點巡查，對比巡查紀錄，棄置點已雜草叢生，無法辨識廢棄物
1376,桃園市,龍潭區,中興路355巷底涵洞,桃園市龍潭區雙連段111地號,利眾工程行,一般,2026-04-10,否,至該點巡查，對比前次紀錄，原置置點已雜草叢生，廢棄物無明顯之增減。
1377,桃園市,新屋區,台61的52k處,桃園市新屋區大牛欄段大牛欄小段1346地號,博鑫工程行,一般,2026-04-30,否,至該點巡查，對比前次紀錄，棄置點已雜草叢生，無法辨識廢棄物。
1378,臺中市,清水區,臺中市清水區海風段79地號,臺中市清水區海風段79地號,臺中市清水區海風段79地號,一般,2026-02-05,否,現場雜草叢生，目視無法確認廢棄物位置。
1379,臺中市,龍井區,忠和段2998地號,臺中市龍井區忠和段2998地號,臺中市龍井區忠和段2998地號,一般,2026-03-26,否,至現場巡視四周，目視現場廢棄物無增減情形，於114年12月11日巡查時，現場有挖掘翻動痕跡及明顯坑洞。
1381,屏東縣,鹽埔鄉,洛陽段722地號,屏東縣鹽埔鄉洛陽段722地號,屏東縣鹽埔鄉洛陽段722地號,一般,2026-04-21,否,大門深鎖無法進入
1382,南投縣,竹山鎮,竹山交流道旁堤防外河川地(近和興段1091地號),南投縣竹山鎮和興段1091地號,南投縣竹山鎮竹山交流道旁堤防外河川地,一般,2026-04-21,否,例行性巡查，未查獲新增廢棄物情事
1386,高雄市,美濃區,東合段417地號,高雄市美濃區東合段417地號,高雄市美濃區東合段417地號,一般,2026-04-21,否,當日巡查時，無人為活動及可疑車輛進出，無異常之情事。
1387,高雄市,大寮區,義堂段637地號土地,高雄市大寮區義堂段637地號,高雄市大寮區義堂段637地號土地,一般,2026-04-13,否,現場已無廢棄物棄置
1388,高雄市,仁武區,仁新段1691、1691-8地號土地,高雄市仁武區仁新段1691地號,高雄市仁武區仁新段1691、1691-8地號土地,一般,2026-06-08,否,當日巡查時，無發現可疑車輛進出及異常之情事。
1390,高雄市,仁武區,觀音湖段1106、1106-1、1106-2地號土地,高雄市仁武區觀音湖段1106地號,高雄市仁武區觀音湖段1106、1106-1、1106-2地號土地,一般,2026-04-10,否,現場已無廢棄物棄置且雜草叢生。
1391,高雄市,林園區,中芸段1054、1055、1056地號土地(高雄市林園區中芸三路268巷8號),"高雄市林園區中芸段1054地號 高雄市林園區中芸段1055地號 高雄市林園區中芸段1056地號",高雄市林園區中芸段1054、1055、1056地號土地(高雄市林園區中芸三路268巷8號),一般,2026-04-07,否,當日巡查無發現人為活動及可疑車輛進出，無異常之情事
1394,高雄市,湖內區,劉家段0424-0000地號,高雄市湖內區劉家段424地號,高雄市湖內區劉家段0424-0000地號,一般,2026-05-05,否,當日巡查時，無發現可疑車輛進出及人為活動，無異常之情事
1395,高雄市,楠梓區,高楠段0002-0000地號,高雄市楠梓區高楠段2地號,高雄市楠梓區高楠段0002-0000地號,一般,2026-06-02,否,當日巡查時，現場堆置廢棄物還未清理，無發現可疑車輛及異常之情事。
1396,高雄市,田寮區,牛稠埔段448-003及田寮段266-002等14筆土地,"高雄市田寮區牛稠埔段266-002地號 高雄市田寮區牛稠埔段448-003地號",高雄市田寮區牛稠埔段448-003及田寮段266-002等14筆土地,一般,2026-04-21,否,當日巡查時，未發現人為活動及異常之情事。
1397,屏東縣,新園鄉,800、800之2、802及805地號土地,"屏東縣新園鄉鹽龍段800地號 屏東縣新園鄉鹽龍段800-2地號 屏東縣新園鄉鹽龍段802地號 屏東縣新園鄉鹽龍段805地號",屏東縣新園鄉鹽龍段800、800之2、802及805地號土地,一般,2026-03-26,否,無新增廢棄物
1404,新北市,淡水區,賢孝段1450地號及三芝區榆林段1102地號,"新北市淡水區賢孝段1450地號 新北市三芝區榆林段1102地號",賢孝段1450地號及三芝區榆林段1102地號,一般,2026-05-13,否,巡查仍有廢棄物。無新增廢棄物
1408,新北市,三芝區,土地公埔段土地公埔小段168、168-6地號,"新北市三芝區土地公埔段土地公埔小段168地號 新北市三芝區土地公埔段土地公埔小段168-6地號",土地公埔段土地公埔小段168、168-6地號,一般,2026-05-13,否,巡查無發現廢棄物
1413,桃園市,楊梅區,豐野段143及135-2地號,"桃園市楊梅區豐野段143地號 桃園市楊梅區豐野段144地號 桃園市楊梅區豐野段146地號 桃園市楊梅區豐野段145-2地號",楊梅區豐野段143及135-2地號,一般,2026-05-08,否,至該點巡查，對比前次紀錄，現場大門深鎖，無人車出沒
1421,桃園市,蘆竹區,竹中段10地號(大竹里大新路218之2號),桃園市蘆竹區竹中段10地號,蘆竹區竹中段10地號(大竹里大新路218之2號),一般,2026-04-24,否,至該點巡查，對比巡查紀錄，大門深鎖
1422,桃園市,新屋區,新屋區崁頭厝段崁頭厝小段658、658-1、659、660、661、662、663、664地號等共8筆地號,"桃園市新屋區崁頭厝段崁頭厝小段658地號 桃園市新屋區崁頭厝段崁頭厝小段658-1地號 桃園市新屋區崁頭厝段崁頭厝小段659地號 桃園市新屋區崁頭厝段崁頭厝小段660地號 桃園市新屋區崁頭厝段崁頭厝小段661地號 桃園市新屋區崁頭厝段崁頭厝小段662地號 桃園市新屋區崁頭厝段崁頭",新屋區崁頭厝段崁頭厝小段658、658-1、659、660、661、662、663、664地號等共8筆地號,一般,2026-05-05,否,至該點巡查，對比前次紀錄，現場雜草叢生未處理，廢棄物無明顯增減之情形。
1424,屏東縣,林邊鄉,富田段648.656地號,"屏東縣林邊鄉富田段648地號 屏東縣林邊鄉富田段656地號 屏東縣林邊鄉富田段632-001地號 屏東縣林邊鄉富田段633-001地號 屏東縣林邊鄉富田段634-001地號 屏東縣林邊鄉富田段635-001地號",林邊鄉富田段648.656地號&632-001地號633-001地號634-001地號635-001地號,一般,2026-04-14,否,無新增廢棄物
1428,屏東縣,佳冬鄉,塭豐段56`57`58`59地號土地,"屏東縣佳冬鄉塭豐段56地號 屏東縣佳冬鄉塭豐段57地號 屏東縣佳冬鄉塭豐段58地號 屏東縣佳冬鄉塭豐段59地號",屏東縣佳冬鄉塭豐段56`57`58`59地號土地,有害,2026-04-14,否,大門深鎖無法進入，無新增廢棄物
1430,新北市,汐止區,水源路二段燈桿編號532749前方避車彎旁之斜坡,新北市汐止區康誥坑段198-3地號,水源路2段前方避車彎旁坡處,一般,2026-05-08,否,無新增廢棄物清形
1431,新北市,石門區,下角段阿里磅小段1064地號,新北市石門區下角段阿里磅小段1064地號,下角段阿里磅小段1064地號,一般,2026-05-13,否,巡查邊坡下仍有廢棄物
1434,桃園市,龍潭區,淮子埔路內,桃園市龍潭區雙連段1070地號,龍潭區淮子埔路內,一般,2026-05-05,否,屬左驥之廢棄物清理完成(至該點巡查，因私人土地故未進入巡查。)
1436,南投縣,魚池鄉,大雁段147-21及147-99地號,"南投縣魚池鄉大雁段147-21地號 南投縣魚池鄉大雁段147-99地號",南投縣魚池鄉大雁段147-21及147-99地號,一般,2026-04-29,否,例行性巡查，現場已清運部分廢棄物，尚有部分待清運中。
1437,臺中市,霧峰區,復興路二段（青春嶺）,"臺中市霧峰區新坑口段340地號 臺中市霧峰區新坑口段341地號 臺中市霧峰區新坑口段68地號 臺中市霧峰區新坑口段70地號",臺中市霧峰區復興路二路青春嶺遭棄置廢棄物案,一般,2026-03-25,否,已無廢棄物
1441,南投縣,集集鎮,八張段225地號,南投縣集集鎮八張段225地號,南投縣集集鎮八張段225地號,一般,2026-04-21,否,例行性巡查，現場雜草叢生部分廢棄物已清除，尚有部分待清除中。
1442,南投縣,南投市,福德段185地號,南投縣南投市福德段185地號,南投縣南投市福德段185地號,一般,2026-04-21,否,例行性巡查，廢棄物已清除完成，現場未發現有新增廢棄物情形。
1443,南投縣,竹山鎮,安平段343地號,南投縣竹山鎮安平段343地號,南投縣竹山鎮延平三路11號,一般,2026-04-28,否,例行性巡查，現場廢棄物部分已清除，尚有部分未清除。
1444,高雄市,田寮區,牛稠埔段0193-0009、0193-0011、0193-0012地號,"高雄市田寮區牛稠埔段0193-9地號 高雄市田寮區牛稠埔段0193-11地號 高雄市田寮區牛稠埔段0193-12地號",高雄市田寮區牛稠埔段0193-0009、0193-0011、0193-0012地號,一般,2026-06-01,否,當日巡查，現場為一片果園，無異常之情形。
1445,高雄市,大寮區,潭鳳段680地號,高雄市大寮區潭鳳段680地號,大寮區潭鳳段680地號,一般,2026-04-08,否,當日巡查，大門敞開，無異常之情形。
1446,高雄市,大寮區,王厝段0751-0000地號,高雄市大寮區王厝段0751地號,王厝段0751-0000地號,一般,2026-04-08,否,當日巡查，無可疑車輛進出及異常之情事。
1447,高雄市,林園區,中汕段0004、0005、00050003地號,高雄市林園區中汕段0004地號,高雄市林園區中汕段0004、0005、00050003地號,一般,2026-06-02,否,當日巡查時，未發現可疑車輛進出及異常之情事。
1449,高雄市,田寮區,,"高雄市田寮區牛稠埔段一小段452-98地號 高雄市田寮區牛稠埔段一小段452-100地號 高雄市田寮區牛稠埔段一小段452-93地號 高雄市田寮區牛稠埔段一小段452-99地號",田寮區牛稠埔一小段452-93、452-98、452-99、452-100地號,一般,2026-04-09,是,"當日巡查時， 無人為活動，未發現異常之情事"
1453,桃園市,龍潭區,福源段600地號,桃園市龍潭區福源段600地號,龍潭區福源段600地號,一般,2026-05-21,否,"至該點巡查，對比前次紀錄，棄置點位在大蕓有機蔬菜農場旁土地: 現場雜草叢生無法確認廢棄物之情形。"
1455,彰化縣,芬園鄉,德興段312地號,彰化縣芬園鄉德興段312地號,彰化縣芬園鄉德興段312地號,一般,2026-02-09,否,未發現明顯廢棄物新增情形。
1457,高雄市,大寮區,大寮區赤崁段潮州寮小段6169地號,高雄市大寮區赤崁段潮州寮小段6169地號,高雄市大寮區赤崁段潮州寮小段6169地號,一般,2026-06-03,否,當日巡查時，無人為活動，未發現異常之情事。
1460,南投縣,竹山鎮,中和段274地號,南投縣竹山鎮中和段274地號,南投縣竹山鎮中和段274地號,一般,2026-04-28,否,行性巡查，現場雜草叢生，廢棄物已難以辨識，未查獲新增廢棄物情事
1461,南投縣,草屯鎮,光華段24地號,南投縣草屯鎮光華段24地號,南投縣草屯鎮光華段24地號,有害,2026-04-21,否,例行性巡查，廢棄物已無法辨識，現場未發現有新增廢棄物情形。
1463,南投縣,竹山鎮,,"南投縣竹山鎮中崎段380-6地號 南投縣竹山鎮中崎段380-7地號 南投縣竹山鎮鯉魚尾段628地號",南投縣竹山鎮中崎段380-6、380-7及鯉魚尾段628地號,一般,2026-04-28,否,例行性巡查，現場雜草叢生，鯉魚尾段628地號部分廢棄物已清除，中崎段380-6、380-7地號之廢棄物尚未清除，未發現有新增或外運廢棄物情形。
1466,桃園市,八德區,和平路1190巷15-1號,桃園市八德區大明段1172地號,八德區和平路1190巷15-1號,一般,2026-04-02,否,依稽查紀錄113-H1***9，現場未有上開堆置情形，業者提供單據證明已請合法清除處理業或再利用業者清理，故本案認定改善完成。
1469,桃園市,蘆竹區,海湖北路282號,桃園市蘆竹區出水段664地號,蘆竹區海湖北路282號,一般,2026-04-17,否,該址為紘鼎開發工程有限公司，無稽查員陪同故無入內巡查。
1475,高雄市,旗山區,花旗段0869-0000地號,高雄市旗山區花旗段869地號,高雄市旗山區花旗段0869-0000地號,一般,2026-05-08,否,當日巡查時，未發現異常之情事
1482,新北市,汐止區,八連路1段311巷26號對面空地,新北市汐止區北峰段114地號,八連路1段311巷26號對面空地,一般,2026-05-08,否,巡查仍有廢棄物
1484,南投縣,南投市,,南投縣南投市福興段420地號,南投縣南投市福興段420地號,一般,2026-04-13,否,例行性巡查，現場廢棄物已消失，未發現有新增廢棄物情形。
1490,高雄市,大寮區,打鐵店街26巷297號,高雄市大寮區翁公園段3461地號,高雄市大寮區打鐵店街26巷297號（翁公園段3461地號）,一般,2026-04-13,否,當日巡查時，現場堆置多包太空包，未發現異常之情事。
1494,桃園市,楊梅區,楊湖路二段1號,桃園市楊梅區長紅段1254地號,楊梅區楊湖路二段1號,一般,2026-05-08,否,至該點巡查，對比前次紀錄，廢棄物無明顯增減之情形
1497,臺南市,關廟區,五福路56號,臺南市關廟區五甲段1617-3地號,臺南市關廟區五福路56號,一般,2026-05-29,否,"一、 本次執行環管署列管場址巡查工作。 二、 場址位於臺南市關廟區五甲段1617-3地號內一處廠房，場址內為地面倉儲廢鋁灰渣太空包。 三、 此次巡查偕同承辦前往，現場進行清運作業預計清運一車次，後方太空包袋已清理完成，經手拍場址周圍未發現新增棄置廢棄物情形。 四、 "
1499,臺中市,清水區,高美南段1002地號,臺中市清水區高美南段1002地號,臺中市清水區清水區高美南段1002地號,有害,2026-02-05,是,現場空拍廠房大門深鎖無人在場，場址位置設置監測井由業者持續辦理監測事宜。
1501,新北市,三芝區,芝蘭段1215等3筆地號及大湖段1388地號,"新北市三芝區芝蘭段1215地號 新北市三芝區大湖段1388地號",芝蘭段1215等3筆地號及大湖段1388地號,一般,2026-05-13,否,無新增廢棄物情形
1505,高雄市,燕巢區,代天府段494、496、506、514地號,"高雄市燕巢區代天府段494地號 高雄市燕巢區代天府段496地號 高雄市燕巢區代天府段506地號 高雄市燕巢區代天府段514地號",高雄市燕巢區代天府段494、496、506、514地號,一般,2026-04-10,否,當日巡查時無可疑車輛進出，無異常之情事
1507,南投縣,草屯鎮,將軍段812&814地號,"南投縣草屯鎮將軍段812地號 南投縣草屯鎮將軍段814地號",南投縣草屯鎮將軍段812&814地號,一般,2026-04-10,否,例行性巡查，地號814之廢棄物已清理完成，地號812之廢棄物尚未清理。
1509,南投縣,南投市,?稟路22號後方未登錄土地,南投縣南投市包尾段626-1地號,南投縣南投市?稟路22號後方未登錄土地,一般,2026-04-21,否,例行性巡查，現場雜草叢生，廢棄物已難以辨識，未查獲新增廢棄物情事
1510,臺中市,神岡區,圳北段140、144地號土地,"臺中市神岡區圳北段140地號 臺中市神岡區圳北段144地號",臺中市神岡區圳北段140、144地號土地挖土機進行非法垃圾掩埋一案,一般,2026-06-01,否,廢棄物未清理，雜草叢生
1512,桃園市,蘆竹區,赤塗段901地號,桃園市蘆竹區赤塗段901地號,蘆竹區坑子段赤塗崎小段437-8地號(赤塗段901地號),一般,2026-04-24,否,至該址巡現場，棄置點雜草叢生，廢棄物滾落山下
1513,臺中市,龍井區,木本段0025地號,臺中市龍井區木本段25地號,臺中市龍井區龍井段竹坑小段0219-0002地號遭棄置廢棄物,一般,2026-03-26,否,至現場巡視四周，目視現場已無廢棄物。
1515,屏東縣,枋寮鄉,大響營二段12.12-3.12-4地號土地,"屏東縣枋寮鄉大響營段二小段12地號 屏東縣枋寮鄉大響營段二小段12-3地號 屏東縣枋寮鄉大響營段二小段12-4地號",大響營二段12.12-3.12-4地號土地(原803案件),一般含有害,2026-05-07,否,無新增廢棄物
1516,屏東縣,枋寮鄉,建興段678678-1地號(原804案件),"屏東縣枋寮鄉建興段678地號 屏東縣枋寮鄉建興段678-1地號",建興段678.678-1地號(原804案件),一般,2026-05-07,否,無新增廢棄物
1519,屏東縣,三地門鄉,安坡段723地號,屏東縣三地門鄉安坡段723地號,屏東縣三地門鄉安坡段723地號,一般,2026-04-23,否,無新增廢棄物
1520,桃園市,觀音區,觀音區保障段1299.1305.1318.1844等4筆地號,"桃園市觀音區保障段1299地號 桃園市觀音區保障段1305地號 桃園市觀音區保障段1318地號 桃園市觀音區保障段1844地號",林錦昌等8人非法堆置掩埋廢棄物案(觀音區保障段1299.1305.1318.1844等4筆地號),一般,2026-05-21,否,棄置點雜草叢生，廢棄物未增減之情形
1522,南投縣,集集鎮,柴橋頭段洞腳小段920地號,南投縣集集鎮柴橋頭段洞角小段920地號,南投縣集集鎮柴橋頭段洞腳小段920地號,一般,2026-04-21,否,例行性巡查，廢棄物已難以辨識，未發現有新增廢棄物情形
1524,桃園市,大溪區,瑞興段1378地號,桃園市大溪區瑞興段1378地號,大溪區瑞興段1378地號,一般,2026-04-29,否,現場大門深鎖，目視場內無本案廢棄物。
1525,桃園市,觀音區,859、860、861、862地號,"桃園市觀音區忠孝段859地號 桃園市觀音區忠孝段860地號 桃園市觀音區忠孝段861地號 桃園市觀音區忠孝段862地號",觀音區忠孝段859、860、861、862地號,一般,2026-03-27,否,至該點巡查，對比巡查紀錄，大門深鎖
1527,桃園市,新屋區,埔頂段埔頂小段472等8筆地號,"桃園市新屋區埔頂段埔頂小段472地號 桃園市新屋區埔頂段埔頂小段473地號 桃園市新屋區埔頂段埔頂小段468-1地號 桃園市新屋區埔頂段埔頂小段549-1地號 桃園市新屋區埔頂段埔頂小段466地號 桃園市新屋區埔頂段埔頂小段467地號 桃園市新屋區埔頂段埔頂小段478地號 桃園市新屋區",新屋區埔頂段埔頂小段472等8筆地號,一般,2026-04-29,否,至該點巡查，對比前次紀錄，該址因工程，部分廢棄物流向不明。
1530,南投縣,南投市,,"南投縣南投市牛運堀段313-13地號 南投縣南投市牛運堀段313-5地號 南投縣南投市牛運堀段387-66地號",南投縣南投市牛運堀段313-13、313-5、387-66,一般,2026-04-21,否,例行性巡查，現場廢棄物已清除，未有新增廢棄物情形
1533,臺中市,沙鹿區,明德段1地號,臺中市沙鹿區明德段1地號,臺中市沙鹿區明德段1地號非法棄置廢棄物案件,一般,2026-05-06,否,至現場巡視四周，目視現場廢棄物無增減情形，其內部樹木疑似修剪移除，雜草叢生。
1537,臺南市,學甲區,,"臺南市學甲區大灣段1737地號 臺南市學甲區大灣段1749地號 臺南市學甲區大灣段1751地號 臺南市學甲區大灣段1752地號 臺南市學甲區大灣段1753地號 臺南市學甲區大灣段1755地號",學甲區大灣段1737、1749、1751、1752、1753、1755地號,一般,2026-06-08,否,"一、 本次執行環管署列管場址巡查工作。 二、 場址位於學甲區大灣段1737、1749、1751、1752、1753、1755地號，場址內為地面堆置生活垃圾。 三、 本次巡查經空拍比對前次巡查紀錄，廢棄物堆置於地表，場址現場及周圍未發現新增棄置廢棄物情形。 四、 場址現為清理中場址，清"
1538,臺南市,南區,南山段1012-35、1012-36地號,"臺南市南區南山段1012-35地號 臺南市南區南山段1012-36地號",二仁溪橋下出海口、二仁溪南萣橋上游450公尺高灘地,一般含有害,2026-04-07,否,"一、 本次執行環管署列管場址巡查工作。 二、 A場址-二行娘娘廟對岸(二仁溪出海口)，原發現棄置點位於堤防邊及消波塊上方，工務局於108年8月30日廢棄物施作水泥固化處理，現場周圍有架設鐵網圍籬區隔，防止民眾進入及隨意丟棄垃圾。B場址-二仁溪南萣橋上游約450多公尺之河灘"
1541,臺中市,南屯區,龍鎮二街道路旁（與永春東五路交叉路口附近）,臺中市南屯區鎮福段338地號,臺中市南屯區龍鎮二街道路旁(地號：南屯區鎮福段：338地號旁)-棄置廢棄物,一般,2026-03-05,否,現場廢棄物已清除。
1543,嘉義市,西區,,嘉義市嘉義市北園段744地號,嘉義市西區北園段744地號廢棄物非法堆置場址,一般,2026-05-29,否,今年度統計至4月28日止共清運168.09公噸
1544,臺中市,太平區,光興路1266巷(頂坪段700-3地號),臺中市太平區頂坪段700-3地號,臺中市太平區光興路1266巷(頂坪段700-3地號)遭棄置裝潢廢棄物,一般,2026-05-28,否,至現場巡視四周，目視現場已無廢棄物
1545,臺中市,太平區,鼠崎登山步道(頭汴坑段2409地號),臺中市太平區頭汴坑段2409地號,"臺中市太平區鼠崎登山步道(頭汴坑段2409地號) 棄置廢棄物",一般,2026-05-28,否,前往該場址道路中斷無法前行
1546,臺中市,霧峰區,象鼻路6巷29號後方,臺中市霧峰區豐正段1049地號,臺中市霧峰區豐正段1049地號後方烏溪河床堆置掩埋廢棄物,一般,2026-05-25,否,至現場巡視四周，目視廢棄物無增減情形。
1547,桃園市,新屋區,社子段526、527、528地號,"桃園市新屋區社子段526地號 桃園市新屋區社子段527地號 桃園市新屋區社子段528地號",新屋區社子段526、527、528地號,一般,2026-03-19,否,至該點巡查，對比巡查紀錄，目視場內堆置大量太空包，因無稽查員陪同故無入內巡查。
2550,臺中市,神岡區,圳北段18地號,臺中市神岡區圳北段18地號,臺中市神岡區圳北段18地號土地遭棄置廢棄物(民生垃圾),一般,2026-06-01,否,廢棄物未清理，先前國有地整地以土石方阻隔無法進入，草木叢生
2553,桃園市,蘆竹區,後坑段175地號,桃園市蘆竹區後坑段175地號,蘆竹區後坑段175地號,一般含有害,2026-04-21,否,至該點巡查，對比巡查紀錄，案件廢棄物已清除。因現場堆置有磚塊、廢木板、廢塑膠等營建拆除後之廢棄物。
3554,桃園市,新屋區,糠榔段上糠榔小段710、711、712地號,"桃園市新屋區?榔段上?榔小段710地號 桃園市新屋區?榔段上?榔小段711地號 桃園市新屋區?榔段上?榔小段712地號",新屋區糠榔段上糠榔小段710、711、712地號,一般,2026-03-19,否,至該點巡查，對比前次紀錄，廢棄物無明顯之增減
3555,屏東縣,新園鄉,新利段1137,屏東縣新園鄉新利段1137地號,屏東縣新園鄉新利段1137,一般,2026-03-26,否,現場已清理完畢待解列
3559,新北市,林口區,瑞平段16地號,新北市林口區瑞平段16地號,瑞平段16地號,一般,2026-05-14,否,無新增廢棄物
3560,桃園市,楊梅區,長岡嶺段749地號,桃園市楊梅區長岡嶺段749地號,楊梅區長岡嶺段749地號,一般含有害,2026-05-08,否,至該點巡查，對比前次紀錄，廢棄物無明顯增減
3561,南投縣,竹山鎮,,南投縣竹山鎮和興段577地號,南投縣竹山鎮和興段577地號,一般,2026-04-28,否,例行性巡查，現場大門深鎖，未發現場內有新增或外運廢棄物情形。
3562,嘉義縣,布袋鎮,新南段1102、1102-1、1102-2、1102-3、1102-4、1102-7、1102-8、1102-9地號,"嘉義縣布袋鎮新南段1102地號 嘉義縣布袋鎮新南段1102-1地號 嘉義縣布袋鎮新南段1102-2地號 嘉義縣布袋鎮新南段1102-3地號 嘉義縣布袋鎮新南段1102-4地號 嘉義縣布袋鎮新南段1102-5地號 嘉義縣布袋鎮新南段1102-6地號 嘉義縣布袋鎮新南段1102-7地號 嘉義縣布袋鎮新南段1102-8",嘉義縣布袋鎮新南段1102、1102-1、1102-2、1102-3、1102-4、1102-7、1102-8、1102-9地號,一般,2026-05-14,否,遭棄置大量營建混合物無清理情形，營建混合物些許遭雜草覆蓋，現況未見新增廢棄物情形。
3563,臺南市,大內區,鳴頭段145-1地號,臺南市大內區嗚頭段145-1地號,台南市大內區鳴頭段145-1地號,一般,2026-04-01,否,"一、 本次執行環管署列管場址巡查工作。 二、 場址位於臺南市大內區鳴頭段145-1地號，場址內部為地面堆置廢裝潢木板、廢木材、廢木材下腳料廢棄物。 三、 此次巡查經空拍現場廢棄物及週遭，廢棄物集中堆置於場址表面，廢棄物大部分已被雜草覆蓋，目視廢棄物堆置無異動情形，"
3564,新北市,樹林區,,"新北市樹林區圳德段386地號 新北市樹林區圳德段387地號 新北市樹林區圳德段383地號",圳德段386、387、383地號,一般,2026-05-08,否,巡查已無新增廢棄物情形
3565,新北市,土城區,,新北市土城區忠義段549地號,忠義段549地號,一般,2026-05-08,否,無新廢棄物之情形
3567,臺中市,霧峰區,五福南段333地號,"臺中市霧峰區五福南段333地號 臺中市霧峰區五福南段334地號 臺中市霧峰區五福南段335地號 臺中市霧峰區五福南段336地號 臺中市霧峰區五福南段337地號 臺中市霧峰區五福南段338地號 臺中市霧峰區五福南段339地號 臺中市霧峰區五福南段340地號 臺中市霧峰區五福南段341地號 臺",臺中市霧峰區五福南段333、334等共28塊地號,一般,2026-05-14,否,至現場巡視四周，目視現場廢棄物無增減情形，雜草叢生。
3569,臺中市,豐原區,豐原大道六段719號,"臺中市豐原區東湳段680地號 臺中市豐原區東湳段680-6地號 臺中市豐原區東湳段680-10地號 臺中市豐原區東湳段680-11地號 臺中市豐原區東湳段680-12地號",臺中市豐原區豐原大道六段719號(東湳段680、680-10、680-11、680-12及680-6地號),一般,2025-04-01,否,清理中
3570,臺中市,霧峰區,象鼻路,臺中市霧峰區萬斗六段985-160地號,霧峰區象鼻路萬斗六段0985-0160地號,一般,2026-05-25,否,至現場巡視四周，目視廢棄物無增減情形。
3571,臺南市,將軍區,將軍區口寮段160-2、160-3、160-6等51筆地號,"臺南市將軍區口寮段160-2地號 臺南市將軍區口寮段160-3地號 臺南市將軍區口寮段160-6地號 臺南市將軍區口寮段160-7地號 臺南市將軍區口寮段160-8地號 臺南市將軍區口寮段160-9地號 臺南市將軍區口寮段160-12地號 臺南市將軍區口寮段160-13地號 臺南市將軍區口寮段160-14地號",南26縣道魚塭非法棄置案,一般,2026-04-09,否,"一、 本次執行環管署列管場址巡查工作。 二、 場址位於臺南市將軍區口寮段160-2、161及162等地號等61筆地號，場址內為地下掩埋爐碴(石)、集塵灰廢棄物。 三、 此次巡查115 年 04 月 09 日，現場圍籬阻擋人員無法進入，經空拍廢棄物及週遭，現場擺放工程所使用之鋼筋，場址現"
3574,高雄市,岡山區,石螺段1115地號,高雄市岡山區石螺段1115地號,高雄市岡山區石螺段1115地號,一般,2026-04-10,否,當日巡察時，現場無可疑車輛進出及異常之情事。
3575,高雄市,林園區,龍潭段275地號(壹東公司林園區場內土地),高雄市林園區龍潭段275地號,龍潭段275地號(壹東公司林園區場內土地),一般含有害,2026-05-26,否,當日巡查時，無異常之情事
3576,高雄市,路竹區,三埤段554地號,高雄市路竹區三埤段554地號,路竹區三埤段554地號,一般,2026-05-22,否,待釐清
3577,臺中市,豐原區,東陽路,"臺中市豐原區下南坑段1120地號 臺中市豐原區下南坑段1126地號 臺中市豐原區下南坑段1129-2地號 臺中市北屯區大昌段581地號",豐原區東陽路(下南坑段1120、1129-2、1126地號)及北屯區大昌段581地號棄置廢棄物,一般,2026-03-23,否,未見廢棄物
3580,高雄市,湖內區,海山段609地號,高雄市湖內區海山段609地號,高雄市湖內區海山段609地號,一般,2026-05-22,否,當日巡察時，無人為活動及異常之情事
3581,屏東縣,南州鄉,同安段1322地號,屏東縣南州鄉同安段1322地號,南州鄉同安段1322地號,一般,2026-04-14,否,廢棄物未清理，有新增民生廢棄物
3582,桃園市,龍潭區,"干城段938地號、高原段 370地號","桃園市龍潭區干城段938地號 桃園市龍潭區高原段370地號","桃園市龍潭區干城段938地號、高原段 370地號",一般,2026-04-21,否,龍潭區高楊北路239號：該址大門深鎖，目視廠內，廢棄物流向不明
3584,高雄市,大社區,尖山腳段601地號,高雄市大社區尖山腳段601地號,高雄市大社區尖山腳段601地號,一般,2026-04-08,否,當日巡察時，無人為活動及異常之情事
3585,臺中市,清水區,高美東段20地號,臺中市清水區高美東段20地號,臺中市清水區高美東段20地號土地遭棄置廢塑膠混合物,一般,2026-03-26,否,至現場巡視四周，現場有發生火災，目視仍有廢棄物存在，其餘無變化。
3587,臺中市,沙鹿區,北勢坑段六埔小段4地號,臺中市沙鹿區北勢坑段六埔小段4地號,有關臺中市沙鹿區北勢坑段六埔小段4地號土地遭掩埋事業廢棄物一案,一般,2026-05-06,否,至現場巡視四周，目視現場廢棄物無增減情形，雜草叢生。
3588,臺中市,清水區,高美路493之9號,臺中市清水區高南段441地號,臺中市清水區高美路493之9號廠房遭棄置營建混合物,一般,2026-03-26,否,至現場巡視四周，目視現場廢棄物無增減情形
3589,桃園市,楊梅區,瑞坪段73-1地號,桃園市楊梅區瑞坪段73-1地號,楊梅區瑞坪段73-1地號,一般,2026-05-08,否,至該點巡查，對比前次紀錄，廢棄物無明顯增減。
3591,屏東縣,長治鄉,番子寮段0993-0000、0001-0707地號,"屏東縣長治鄉番子寮段993地號 屏東縣長治鄉番子寮段1-707地號",屏東縣長治鄉番子寮段0993-0000、0001-0707等地號,一般,2026-03-31,否,無新增廢棄物
3592,臺中市,霧峰區,新坑口段70地號,臺中市霧峰區新坑口段70地號,臺中市霧峰區新坑口段70地號棄置廢棄物,一般,2026-05-14,否,至現場巡視四周，目視現場已無廢棄物，雜草叢生。
3593,桃園市,龍潭區,中正路三林段619巷內,桃園市龍潭區雙連段1059地號,龍潭區中正路三林段619巷內,一般,2026-04-30,否,至該點巡查，因私人土地故未進入巡查。
3596,臺中市,太平區,北田路343號內土地(頭汴坑段3800地號),臺中市太平區頭汴坑段3800地號,臺中市太平區北田路343號內土地(頭汴坑段3800地號)棄置廢棄物,一般,2026-05-28,否,至現場巡視四周，目視現場廢棄物無增減情形
3597,屏東縣,麟洛鄉,成功路永興巷19號,屏東縣麟洛鄉麟愛段56-1地號,?屏東縣麟洛鄉麟愛段56-1地號,一般含有害,2026-04-07,否,部分廢棄物以帆布覆蓋
3598,桃園市,楊梅區,甡甡段882地號,桃園市楊梅區甡甡段882地號,楊梅區甡甡段882地號農地,一般,2026-06-02,否,"1.拆除相機陷阱，依1月工檢會決議事項辦理 2.目視無動工清除情形"
3599,桃園市,平鎮區,,桃園市平鎮區高雙段456地號,平鎮區民族路二段309巷18號-李鴻文,一般,2026-05-21,否,至該點巡查，大門深鎖
3600,桃園市,蘆竹區,蘆竹區南工路68巷16號,"桃園市蘆竹區水尾段2232地號 桃園市蘆竹區水尾段2230地號",蘆竹區南工路68巷16號-領航、順麟,一般,2026-04-17,否,至該點巡查，該址大門深鎖
3601,臺中市,太平區,華安街101-6號廠房內,"臺中市太平區新德隆段1209地號 臺中市太平區新德隆段1211地號",臺中市太平區華安街101-6號廠房內(新德隆段1209及1211地號)堆置廢棄物,一般,2026-03-25,否,現場大門深鎖
3602,臺中市,東勢區,中泰街105巷23號,"臺中市東勢區泰昌段50-1地號 臺中市東勢區泰昌段52地號 臺中市東勢區泰昌段55地號",臺中市東勢區中泰街105巷23號(泰昌段50-1、52、55地號)堆置廢棄物,一般,2026-03-23,否,其棄置場址和發現日期相比無明顯之變化
3603,桃園市,平鎮區,平鎮區東金段672-1地號,桃園市平鎮區東金段672-1地號,平鎮區金陵路七段187巷76號旁(平鎮區東金段672-1地號),一般,2026-04-29,否,至該點巡查，現場有動力機具，廢棄物有增加與移動之情形。
3604,屏東縣,恆春鎮,,"屏東縣恆春鎮大平頂段下大平頂小段206地號 屏東縣恆春鎮大平頂段下大平頂小段294地號 屏東縣恆春鎮大平頂段下大平頂小段294-2地號",屏東縣恆春鎮恆春鎮新四溝段458、474、475地號(重測前大平頂段下大平頂小段206、294、294-2地號),一般,2026-05-19,否,無新增廢棄物
3606,臺南市,永康區,亞太段550-5、550-6、550-8地號,"臺南市永康區亞太段550-5地號 臺南市永康區亞太段550-6地號 臺南市永康區亞太段550-8地號",永康區亞太段550-5、550-6、550-8地號,一般,2026-05-04,否,"一、 本次執行環管署列管場址巡查工作。 二、 場址位於臺南市永康區亞太段550、550-5、550-6、550-8地號，場址內部為地面堆置及地下掩埋廢木材混合物、廢塑膠混合物廢棄物。 三、 本次巡查場址原堆置於地面之廢棄物已被雜草覆蓋，經空拍廢棄物及週遭，場址現場及周圍未發現"
3608,新竹市,北區,公道五路三段附近,新竹市新竹市前溪段190地號,統寶工程有限公司棄置案件,一般,2026-04-27,否,原棄置廢棄物已清理完成，該場址無新增廢棄物。
3609,高雄市,大樹區,小坪段356地號,高雄市大樹區小坪段356地號,高雄市大樹區小坪段356地號,一般,2026-03-12,否,該場址目前堆置營建廢棄物，尚未清理，當日巡察時無可疑車輛進出及異常之情事。
3611,高雄市,大寮區,赤崁段潮洲寮小段4814地號,高雄市大寮區赤崁段潮州寮小段4814地號,高雄市大寮區赤崁段潮洲寮小段4814地號,一般,2026-04-13,否,本日巡察時，有怪手及操作人員在廠址內進行整地作業。
3612,高雄市,鳥松區,高雄市鳥松區灣裡段395、403地號,"高雄市鳥松區灣裡段395地號 高雄市鳥松區灣裡段403地號",高雄市鳥松區灣裡段395、403地號,一般,2026-04-27,否,"當日巡察時， 無可疑車輛進出及異常之情事"
3613,桃園市,龍潭區,泥橋段221地號,桃園市龍潭區泥橋段221地號,龍潭區泥橋段221地號,一般,2026-06-04,否,至該點巡查，棄置點已雜草叢生，廢棄物無明顯增減之情形。
3614,桃園市,龍潭區,竹龍段1150地號,桃園市龍潭區竹龍段1150地號,龍潭區竹龍段1150地號-黃俊綱,一般,2026-04-24,否,至該點巡查，對比巡查紀錄，因無稽查員陪同故未進入廠內巡查。
3615,屏東縣,內埔鄉,美和段680號,屏東縣內埔鄉美和段680地號,屏東縣內埔鄉美和段680地號,一般,2026-04-10,否,無新增廢棄物
3617,臺中市,霧峰區,新生路390號旁,臺中市霧峰區萊園段383地號,臺中市霧峰區新生路及復興路二段棄置廢棄物,一般,2026-05-14,否,至現場巡視四周，目視現場廢棄物無增減情形，雜草叢生。
3618,苗栗縣,苑裡鎮,順天段206、205-2地號,"苗栗縣苑裡鎮順天段206地號 苗栗縣苑裡鎮順天段205-2地號",苗栗縣苑裡鎮順天段206、205-2地號,一般含有害,2025-12-04,是,"1.例行稽查旨揭棄置場址。 2.截至本日為止，該址已清理廢棄物數量約1,123公噸，持續追蹤本案場 址清理情形。 3.本日稽查通知地主鄭錦成到場，有關旨揭棄置場址廢集塵灰揚塵及露天 貯存含鉛廢玻璃ㄧ事，要求地主及其堂弟鄭文洲（電話：0928-922512） 應自即日起10日內（即114"
3619,高雄市,永安區,永華段683、684地號,高雄市永安區永華段683地號,高雄市永安區永華段683、684地號,一般,2026-04-10,否,現場廢棄物已清理完畢，待解除列管。
3621,臺中市,太平區,北田路323巷88號旁土地(頭汴坑段332及336-2地號),"臺中市太平區頭汴坑段332地號 臺中市太平區頭汴坑段336-2地號",臺中市太平區北田路323巷88號旁土地(頭汴坑段332及336-2地號)棄置廢棄物,一般,2026-02-04,否,廢棄物未有移動及新增
3622,桃園市,蘆竹區,新庄子段1544地號,桃園市蘆竹區新庄子段1544地號,蘆竹區新庄子段1544地號-李世騫,一般,2026-04-24,否,至該點巡查，大門深鎖。
3623,桃園市,中壢區,環東段965及966地號,"桃園市中壢區環東段965地號 桃園市中壢區環東段966地號",中壢區環東段965及966地號-徐盛永,一般,2026-05-21,否,至該點巡查，棄置點已雜草叢生，無法辨識廢棄物。
3625,屏東縣,屏東市,屏東縣屏東市清進路552巷63號,"屏東縣屏東市清溪段645地號 屏東縣屏東市清溪段646地號",屏東縣屏東市清進路552巷63號,一般,2026-05-05,否,廢棄物數量有變少之趨勢
3626,臺中市,大雅區,忠雅段1038地號,臺中市大雅區忠雅段1038地號,大雅區忠雅段1038地號王啟權堆置廢棄物案,一般,2026-03-26,否,至現場巡視四周，目視現場廢棄物無增減情形。
3627,高雄市,田寮區,田寮段1080地號,高雄市田寮區田寮段1080地號,高雄市田寮區田寮段1080地號,一般,2026-04-09,否,當日巡查時，無人為活動及異常之情事。
3628,高雄市,小港區,林路與南星路附近封閉道路,高雄市小港區朝興段1990地號,高雄市小港區中林路與南星路附近封閉道路,一般,2026-04-08,否,當日巡查時，無人為活動及異常之情事。
3629,高雄市,大樹區,小坪段447、447-1、490地號,"高雄市大樹區小坪段447地號 高雄市大樹區小坪段447-1地號 高雄市大樹區小坪段490地號",高雄市大樹區小坪段447、447-1、490地號,一般,2026-03-12,否,當日巡查時，無人為活動及異常之情事。
3630,高雄市,燕巢區,坑口段886地號,高雄市燕巢區坑口段886地號,高雄市燕巢區坑口段886地號,一般,2026-05-22,否,當日巡查時，無人為活動及異常之情事。
3633,屏東縣,高樹鄉,泰興段554地號,屏東縣高樹鄉泰興段554地號,屏東縣高樹鄉泰興段554地號(重測前高樹鄉加蚋埔段96-109地號),一般,2026-04-23,否,無新增廢棄物
3634,高雄市,大寮區,義堂段198、315-8、315-9、315-10地號,"高雄市大寮區義堂段198地號 高雄市大寮區義堂段315-8地號 高雄市大寮區義堂段315-9地號 高雄市大寮區義堂段315-10地號",高雄市大寮區義堂段198、315-8、315-9、315-10地號,一般,2026-04-08,否,當日巡查時，現場堆置數包太空包，無可疑狀況及異常之情事。
3635,桃園市,中壢區,福祥路259巷3號及9號,"桃園市中壢區上嶺段444地號 桃園市中壢區上嶺段445地號 桃園市中壢區上嶺段446地號",馬可斯公司、益陽公司,一般,2026-05-08,否,至該點巡查，廢棄物無明顯增減之情形。
3636,桃園市,新屋區,文化路二段2100號,"桃園市新屋區永安段199地號 桃園市新屋區永安段201地號",馬可斯公司新屋廠,一般,2026-05-08,否,至該點巡查，大門深鎖。
3637,新北市,土城區,,"新北市土城區建安段223地號 新北市土城區建安段224地號 新北市土城區建安段225地號",建安段223、224及225地號土地,一般,2026-05-08,否,查時仍無法進入只能從鐵門往面裡拍
3638,高雄市,湖內區,圍子內段3837、3838地號,"高雄市湖內區圍子內段3837地號 高雄市湖內區圍子內段3838地號",高雄市湖內區圍子內段3837、3838地號,一般,2026-05-22,否,當日巡查時，無可疑車輛及異常之情事。
4643,彰化縣,大城鄉,東城段320地號,彰化縣大城鄉東城段320地號,東城段320地號,一般,2025-10-17,否,
4644,屏東縣,林邊鄉,,屏東縣林邊鄉銀放索段87地號,屏東縣林邊鄉銀放索段87地號,一般,2026-04-14,否,魚塭已被營建混合物填平
5645,臺南市,安南區,,臺南市安南區海西段89地號,安南區海西段89地號,一般含有害,2026-05-20,否,"一、 本次執行環管署列管場址巡查工作。 二、 場址位於臺南市安南區海西段89地號，為稽查科111/5/3/移交案件，截至113/5/24/王子奇清理297.09公噸；本局代清除、處理105.51公噸。 三、 此次巡查經空拍廢棄物及周遭表面，場址部分雜草叢生，對比前次巡查場址現場及周遭無新增"
5648,高雄市,旗山區,北勢段268-111地號,"高雄市旗山區北勢段268-111地號 高雄市旗山區北勢段268-395地號 高雄市旗山區北勢段268-396地號",高雄市旗山區北勢段268-111、268-395、268-396地號,一般,2026-04-21,否,當日巡察時，無可疑車輛及異常之情事。
6651,苗栗縣,苑裡鎮,,"苗栗縣苑裡鎮房南段208地號 苗栗縣苑裡鎮房南段209地號 苗栗縣苑裡鎮房南段210地號 苗栗縣苑裡鎮房南段211地號",鑫添寶企業社非法處理廢棄物場址,一般,2025-12-03,否,未有新增廢棄物
6652,臺南市,麻豆區,,"臺南市麻豆區真理段426地號 臺南市麻豆區真理段427地號",麻豆區真理段426、427地號,一般,2026-04-16,否,"一、 本次執行環管署列管場址巡查工作。 二、 場址位於臺南市麻豆區真理段426、427地號，為廢棄石灰回填魚塭，場址內部為地下掩埋D-0902無機性污泥、D-2410廢玻璃纖維、副產石灰、紅磚、石塊、玻璃纖維等廢棄物。 三、 場址於114/10/08配合檢調執行開挖調查並於115年1月5日"
6657,屏東縣,東港鎮,船頭段683地號,屏東縣東港鎮船頭段683地號,東港鎮船頭段683地號,一般,2026-03-26,否,無廢棄物
6658,高雄市,美濃區,吉安段754-1地號,高雄市美濃區吉安段754-1地號,高雄市美濃區吉安段754-1地號,一般,2026-03-24,否,當日巡查時，無可疑車輛及異常之情事。
6659,南投縣,名間鄉,濁水溪堤防外(香員腳3-2地號附近)未登錄河川地,南投縣竹山鎮香員腳段3-2地號,名間鄉濁水溪香員腳堤防外,一般,2026-04-17,否,例行巡查，現場未發現新增或外運廢棄物情事。
6660,臺中市,神岡區,新和段598-2、599及596地號,"臺中市神岡區新和段598-2地號 臺中市神岡區新和段599地號 臺中市神岡區新和段696地號",臺中市神岡區新和段598-2、599及596地號土地遭堆置營建廢棄物,一般,2026-06-01,否,草木叢生
6661,高雄市,美濃區,成功段51-8、78、79、83、84、85、86、87、88、89、90、92、93、95等地號,"高雄市美濃區成功段51-8地號 高雄市美濃區成功段78地號 高雄市美濃區成功段79地號 高雄市美濃區成功段83地號 高雄市美濃區成功段84地號 高雄市美濃區成功段85地號 高雄市美濃區成功段86地號 高雄市美濃區成功段87地號 高雄市美濃區成功段88地號 高雄市美濃區成功段89地號 高",高雄市美濃區成功段51-8、78、79、83、84、85、86、87、88、89、90、92、93、95等地號,一般,2026-03-24,否,當日巡查時，無可疑車輛進出及異常之情事。
6662,高雄市,美濃區,成功段308、309、310、311、312、313、314等地號,"高雄市美濃區成功段308地號 高雄市美濃區成功段309地號 高雄市美濃區成功段310地號 高雄市美濃區成功段311地號 高雄市美濃區成功段312地號 高雄市美濃區成功段313地號 高雄市美濃區成功段314地號",高雄市美濃區成功段308、309、310、311、312、313、314等地號,一般,2026-03-24,否,當日巡查時，現場無任何可疑車輛進出及異常之情事。
6664,桃園市,龍潭區,高平段1900地號,桃園市龍潭區高平段1900地號,龍潭區高平段1900地號,一般,2026-03-19,,現場雜草叢生，目視廢棄物無動工開挖之情形。
6665,桃園市,桃園區,皮寮段875地號,桃園市桃園區皮寮段875地號,桃園區皮寮段875地號,一般,2026-03-19,,現場雜草叢生，目視廢棄物無動工開挖之情形。
6666,高雄市,杉林區,杉林段0470-0005地號,高雄市杉林區杉林段470-5地號,高雄市杉林區杉林段0470-0005地號,一般,2026-04-21,否,當日巡查時，無人為活動及異常之情事。
6667,高雄市,永安區,永華段632地號,高雄市永安區永華段632地號,高雄市永安區永華段632地號,一般,2026-04-15,否,當日巡查時，無可疑車輛進出及異常之情事。
6668,桃園市,大園區,竹圍段三塊石小段1544地號,桃園市大園區竹圍段三塊石小段1544地號,大園區竹圍段三塊石小段1544地號,一般,2026-03-19,,至該點巡查，廢棄物無明顯增減之情形。
6669,新北市,八里區,,"新北市八里區楓林段794地號 新北市八里區楓林段796地號",楓林段794及796地號,一般,2026-05-14,否,現場廢棄物仍在
6670,新北市,淡水區,北投子段404地號,新北市淡水區北投子段404地號,淡金路1段166號,一般,2026-05-13,否,巡查現場廢棄物已清除
6671,新竹市,香山區,南港段873-7非法棄置案,"新竹市新竹市南港段873-7地號 新竹市新竹市南港段873-8地號 新竹市新竹市南港段873-18地號 新竹市新竹市南港段940地號 新竹市新竹市南港段940-1地號 新竹市新竹市南港段941地號",南港段873-7非法棄置案,一般,2026-05-26,否,尚未清理，無新增廢棄物
6672,屏東縣,枋寮鄉,建興段691地號,屏東縣枋寮鄉建興段691地號,東縣枋寮鄉建興段0691-0000、0692-0000地號,一般,2026-05-07,否,無新增廢棄物
6673,南投縣,仁愛鄉,,南投縣仁愛鄉中原段30地號,仁愛鄉中原段30地號廢棄物棄置案,一般,2026-04-27,否,例行性巡查，未查獲新增廢棄物情事。
6679,高雄市,田寮區,古亭坑段506-7地號,高雄市田寮區古亭坑段506-7地號,高雄市田寮區古亭坑段506-7地號,一般,2026-04-08,否,當日巡查時，現場無可疑車輛及異常之情事。
6680,高雄市,仁武區,暘善段0099-0000地號,高雄市仁武區暘善段99-0地號,高雄市仁武區暘善段0099-0000地號,一般含有害,2026-04-08,否,當日巡查時，現場無人為活動及異常之情事。
6681,高雄市,內門區,東埔段1183地號,高雄市內門區東埔段1183地號,高雄市內門區東埔段1183地號,一般,2026-04-08,否,當日巡查時，現場無可疑車輛進出及異常之情事。
6682,臺南市,白河區,中興段1990-3地號,臺南市白河區中興段1990-3地號,臺南市白河區中興段1990-3地號,一般,2026-04-23,否,"一、 本次執行環管署列管場址巡查工作。 二、 場址位於臺南市白河區中興段1990-3地號，場址內部為地面堆置土木或建築廢棄物混合物。 三、 此次巡查經空拍場址及周遭，現場尚餘部分篩分後之廢棄物且有整理分類情形，目視現場及周遭無新增棄置廢棄物情形。 四、 以下空白。"
6683,桃園市,大園區,華興段889-1地號,桃園市大園區華興段889-1地號,大園區華興段889-1地號,一般,2026-04-14,,至該點巡查，廢棄物無明顯增減之情形。
8685,桃園市,新屋區,中正段434、434-1、434-2地號,"桃園市新屋區中正段434地號 桃園市新屋區中正段434-1地號 桃園市新屋區中正段434-2地號",新屋區中正段434、434-1、434-2地號,一般,2026-06-01,,至該點巡查，對比稽查紀錄，棄置點已雜草叢生，無法辨識廢棄物
8686,桃園市,平鎮區,雙榮路321巷17號、19號,桃園市平鎮區六和段889地號,平鎮區雙榮路321巷17號、19號,一般,2026-06-01,,至該點巡查，對比稽查紀錄，大門深鎖，無法辨識廢棄物
8687,桃園市,新屋區,新屋區新湖路599號,桃園市新屋區十五間段十五間尾小段167地號,新屋區新湖路599號,一般,2026-06-01,,至該點巡查，對比稽查紀錄，因無稽查員陪同故未進入該址巡查
8689,苗栗縣,銅鑼鄉,雙峰山段946地號,苗栗縣銅鑼鄉雙峰山段946地號,銅鑼鄉雙峰山段946地號,一般,2026-03-26,,
8695,高雄市,美濃區,成功段470、470-1地號土地,"高雄市美濃區成功段470地號 高雄市美濃區成功段470-1地號",高雄市美濃區成功段470、470-1地號土地,一般,2026-04-13,否,
8696,高雄市,彌陀區,南庄段294、296、299、300、301-1、306地號,"高雄市彌陀區南庄段294地號 高雄市彌陀區南庄段296地號 高雄市彌陀區南庄段299地號 高雄市彌陀區南庄段300地號 高雄市彌陀區南庄段306地號 高雄市彌陀區南庄段301-1地號",高雄市彌陀區南庄段294、296、299、300、301-1、306地號,一般,2026-04-14,否,
8697,高雄市,阿蓮區,中路段2049、2050、2051、2052地號,"高雄市阿蓮區中路段2049地號 高雄市阿蓮區中路段2050地號 高雄市阿蓮區中路段2051地號 高雄市阿蓮區中路段2052地號",高雄市阿蓮區中路段2049、2050、2051、2052地號,一般,2026-04-14,否,
8698,屏東縣,恆春鎮,五里亭段314,屏東縣恆春鎮五里亭段314地號,屏東縣恆春鎮五里亭段314地號,一般,2026-05-19,否,廢棄物無異動
8699,桃園市,楊梅區,楊湖段64地號,桃園市楊梅區楊湖段64地號,楊梅區楊湖段64地號,一般,2026-05-26,,
8700,桃園市,楊梅區,長紅段1109之7、1109之17、1109之18、1109之19地號,"桃園市楊梅區長紅段1109-7地號 桃園市楊梅區長紅段1109-17地號 桃園市楊梅區長紅段1109-18地號 桃園市楊梅區長紅段1109-19地號",楊梅區長紅段1109之7、1109之17、1109之18、1109之19地號,一般,2026-05-26,,
8701,桃園市,楊梅區,楊富段1249、1250-21、1293、1294地號,"桃園市楊梅區楊富段1249地號 桃園市楊梅區楊富段1250-21地號 桃園市楊梅區楊富段1293地號 桃園市楊梅區楊富段1294地號",楊梅區楊富段1249、1250-21、1293、1294地號,一般,2026-05-26,,
8702,桃園市,中壢區,華興段299、304、中寮段801地號,"桃園市中壢區華興段299地號 桃園市中壢區華興段304地號 桃園市中壢區中寮段801地號",中壢區華興段299、304、中寮段801地號,一般,2026-05-26,,
8703,高雄市,大寮區,山子頂段2347、2348、2360、2361、2363地號,"高雄市大寮區山子頂段2347地號 高雄市大寮區山子頂段2348地號 高雄市大寮區山子頂段2360地號 高雄市大寮區山子頂段2361地號 高雄市大寮區山子頂段2363地號",高雄市大寮區山子頂段2347、2348、2360、2361、2363地號,一般,2026-05-28,否,
8704,屏東縣,內埔鄉,,屏東縣內埔鄉新隘寮段659地號,屏東縣內埔鄉新隘寮段659地號,一般,2026-06-09,否,
